date,distance_km,pace_min_per_km,elevation_gain_m,avg_hr,max_hr,trimp,CTL,ATL
2020-04-04 00:54:11,9.6591,4.498348707436511,90.6,152.0,172.0,65.0,,
2020-04-04 01:48:17,0.2005,2.8262676641729008,,138.0,153.0,0.0,,
2020-04-04 01:50:13,0.1965,2.7141645462256148,,133.0,150.0,0.0,,
2020-04-04 17:49:15,6.4288,4.744275759084122,52.7,146.0,173.0,31.0,,
2020-04-05 21:17:29,16.0991,4.506463094210235,137.4,159.0,174.0,139.0,2.2587180813846466,12.779721623982567
2020-04-06 23:02:16,8.0496,4.6275591333730866,23.1,139.0,163.0,30.0,5.476009809939772,29.582430175514748
2020-04-07 00:05:53,0.2109,2.370791844476055,,101.0,130.0,0.0,6.053017935668821,29.638017947551173
2020-04-07 00:11:56,0.2014,2.399867593512082,,99.0,122.0,0.0,6.053017935668821,29.638017947551173
2020-04-07 17:54:12,1.605,5.316718587746625,4.6,133.0,143.0,2.0,6.053017935668821,29.638017947551173
2020-04-07 18:30:43,3.2404,3.821544665267662,6.8,141.0,156.0,9.0,6.053017935668821,29.638017947551173
2020-04-07 19:00:21,0.4243,2.553224919475214,,141.0,160.0,0.0,6.053017935668821,29.638017947551173
2020-04-07 19:06:40,0.4269,2.537674709143437,,126.0,144.0,0.0,6.053017935668821,29.638017947551173
2020-04-07 19:13:14,0.3157,2.4812585788195545,,133.0,154.0,0.0,6.053017935668821,29.638017947551173
2020-04-07 19:33:05,1.6113,5.368336126109353,3.6,144.0,153.0,8.0,6.053017935668821,29.638017947551173
2020-04-07 23:33:39,4.8351999999999995,4.836063313478933,25.6,148.0,170.0,29.0,6.053017935668821,29.638017947551173
2020-04-09 21:41:05,3.2275,5.246578879421637,35.1,136.0,152.0,8.0,6.874321296513432,27.81152661973749
2020-04-09 22:37:32,0.32839999999999997,2.1822980105562326,,134.0,165.0,0.0,6.874321296513432,27.81152661973749
2020-04-09 22:46:31,6.5876,5.472402695974254,92.0,145.0,166.0,36.0,6.874321296513432,27.81152661973749
2020-04-10 19:01:08,4.8312,5.198846387370978,29.1,137.0,167.0,15.0,7.747825898297203,29.96657019595631
2020-04-10 19:39:26,0.1365,2.686202686202686,,106.0,133.0,0.0,7.747825898297203,29.96657019595631
2020-04-10 19:41:07,0.1368,2.6803118908382064,,110.0,126.0,0.0,7.747825898297203,29.96657019595631
2020-04-11 16:48:02,1.6018,5.452199608773463,3.0,132.0,145.0,3.0,7.918457323014552,27.974188937934272
2020-04-11 17:58:01,6.4365,5.6733732100779415,12.7,145.0,159.0,37.0,7.918457323014552,27.974188937934272
2020-04-13 23:29:32,9.8872,4.485597540254066,63.3,157.0,181.0,80.0,8.469214217223879,25.63799204605128
2020-04-14 20:34:38,3.2971,5.065057171453701,35.0,137.0,157.0,10.0,10.152212959132298,32.87477671867827
2020-04-14 21:07:37,0.8825,3.002832861189802,,140.0,149.0,2.0,10.152212959132298,32.87477671867827
2020-04-14 21:13:14,0.8663,3.078225403055139,,151.0,170.0,3.0,10.152212959132298,32.87477671867827
2020-04-14 21:19:31,0.8627999999999999,3.0713954566527586,,160.0,181.0,5.0,10.152212959132298,32.87477671867827
2020-04-14 21:27:57,0.8917,2.9718515195693618,,158.0,167.0,4.0,10.152212959132298,32.87477671867827
2020-04-14 21:35:12,0.8723,3.018839084412855,,160.0,170.0,5.0,10.152212959132298,32.87477671867827
2020-04-14 21:43:05,0.8847,2.9200105497155344,,162.0,173.0,5.0,10.152212959132298,32.87477671867827
2020-04-14 21:52:47,0.2025,2.4691358024691357,,131.0,157.0,0.0,10.152212959132298,32.87477671867827
2020-04-14 22:04:50,3.2184,5.380520341370453,13.7,147.0,162.0,20.0,10.152212959132298,32.87477671867827
2020-04-16 18:39:04,9.7002,4.549734369738081,65.7,153.0,174.0,66.0,10.920739659566998,30.93628097945114
2020-04-17 01:42:20,1.6079,5.638824968385264,2.6,117.0,134.0,1.0,12.216661755819375,35.604036898036114
2020-04-17 02:11:16,0.21580000000000002,2.1624961383997525,,101.0,112.0,0.0,12.216661755819375,35.604036898036114
2020-04-17 02:16:54,0.42610000000000003,2.385981381522334,,102.0,125.0,0.0,12.216661755819375,35.604036898036114
2020-04-17 02:21:14,0.2097,2.304879987283421,,100.0,137.0,0.0,12.216661755819375,35.604036898036114
2020-04-17 02:33:58,0.8756,4.948987361047662,,128.0,142.0,1.0,12.216661755819375,35.604036898036114
2020-04-17 20:15:44,16.0955,4.351112629824071,31.3,158.0,173.0,127.0,12.216661755819375,35.604036898036114
2020-04-17 21:38:53,1.6264,5.113543203803902,,144.0,155.0,8.0,12.216661755819375,35.604036898036114
2020-04-19 00:28:50,3.2196,5.140390110572742,11.0,127.0,142.0,4.0,14.79608804157538,42.565508385149485
2020-04-19 01:34:35,1.6122,5.1172311127651655,2.0,131.0,148.0,2.0,14.79608804157538,42.565508385149485
2020-04-21 00:38:37,10.661100000000001,4.73059377862822,107.0,149.0,175.0,61.0,14.245873282002746,32.67941665969489
2020-04-21 22:40:57,2.0416,5.355276907001046,3.6,131.0,145.0,3.0,14.245873282002746,32.67941665969489
2020-04-21 23:09:19,0.4167,2.8797696184305255,,122.0,138.0,0.0,14.245873282002746,32.67941665969489
2020-04-21 23:12:04,0.4352,2.7573529411764706,,134.0,143.0,0.0,14.245873282002746,32.67941665969489
2020-04-21 23:14:36,0.42769999999999997,2.8446730574390147,,135.0,139.0,0.0,14.245873282002746,32.67941665969489
2020-04-21 23:17:25,0.42819999999999997,2.880274015257668,,148.0,174.0,1.0,14.245873282002746,32.67941665969489
2020-04-21 23:27:30,0.421,2.8503562945368173,,138.0,160.0,1.0,14.245873282002746,32.67941665969489
2020-04-21 23:30:20,0.42760000000000004,2.7673838478328654,,146.0,166.0,1.0,14.245873282002746,32.67941665969489
2020-04-21 23:33:02,0.4402,2.7260336210813265,,144.0,157.0,1.0,14.245873282002746,32.67941665969489
2020-04-21 23:36:39,0.4188,2.8255332696593443,,151.0,173.0,1.0,14.245873282002746,32.67941665969489
2020-04-21 23:44:49,0.43160000000000004,2.741736175471115,,148.0,168.0,1.0,14.245873282002746,32.67941665969489
2020-04-21 23:48:08,0.4328,2.77264325323475,,148.0,173.0,1.0,14.245873282002746,32.67941665969489
2020-04-21 23:51:33,0.4294,2.7557832634684054,,152.0,172.0,1.0,14.245873282002746,32.67941665969489
2020-04-21 23:55:54,0.4288,2.565298507462687,,157.0,175.0,2.0,14.245873282002746,32.67941665969489
2020-04-22 00:22:12,1.6094000000000002,6.037446667495132,3.3,156.0,173.0,16.0,15.651787099245349,38.18009949750396
2020-04-23 21:43:33,3.2171999999999996,5.418790666832443,30.7,136.0,152.0,10.0,15.659979961486036,35.22743806864629
2020-04-23 22:25:31,0.4358,3.021263576564173,,126.0,140.0,0.0,15.659979961486036,35.22743806864629
2020-04-23 22:29:49,0.4363,3.0178012071204825,,133.0,152.0,0.0,15.659979961486036,35.22743806864629
2020-04-23 22:34:13,0.42160000000000003,3.1230234029095505,,139.0,164.0,1.0,15.659979961486036,35.22743806864629
2020-04-23 22:38:28,0.4323,3.007170946102244,,139.0,157.0,1.0,15.659979961486036,35.22743806864629
2020-04-23 22:50:28,3.2207,5.687169455915381,35.5,151.0,170.0,24.0,15.659979961486036,35.22743806864629
2020-04-24 23:35:04,4.8374,5.216300767629995,7.2,142.0,152.0,20.0,16.13854632645184,35.33028313552116
2020-04-25 00:34:36,1.6102,5.3513021156792115,2.2,138.0,169.0,5.0,16.22939981846093,33.28948364709621
2020-04-25 16:54:30,1.6112,5.0686858656074145,5.4,146.0,159.0,10.0,16.22939981846093,33.28948364709621
2020-04-25 17:45:27,3.454,3.1702374059061955,,158.0,174.0,21.0,16.22939981846093,33.28948364709621
2020-04-25 18:18:15,1.6077000000000001,5.2352221600215625,2.3,151.0,167.0,11.0,16.22939981846093,33.28948364709621
2020-04-26 01:35:52,7.245100000000001,5.249524966299061,61.0,141.0,167.0,28.0,16.95338014143072,35.11465637950425
2020-04-26 23:55:13,9.659,4.82969251475308,81.4,146.0,172.0,50.0,16.95338014143072,35.11465637950425
2020-04-28 00:42:02,10.9719,4.513043927365969,51.8,157.0,174.0,88.0,17.957025420852318,35.389114243980536
2020-04-28 01:52:09,0.208,2.6442307692307696,,144.0,151.0,0.0,17.957025420852318,35.389114243980536
2020-04-28 01:55:36,0.21819999999999998,2.3678582340360532,,127.0,152.0,0.0,17.957025420852318,35.389114243980536
2020-04-28 23:43:41,2.2425,4.816053511705686,3.3,140.0,155.0,8.0,17.957025420852318,35.389114243980536
2020-04-29 00:15:26,0.4385,2.7746104142911436,,139.0,147.0,0.0,19.79324498134152,43.45776265382365
2020-04-29 00:19:23,0.4413,2.719238613188307,,123.0,148.0,0.0,19.79324498134152,43.45776265382365
2020-04-29 00:24:05,0.43010000000000004,2.7125474695807177,,149.0,172.0,1.0,19.79324498134152,43.45776265382365
2020-04-29 00:28:45,0.4358,2.6770689918923054,,154.0,171.0,1.0,19.79324498134152,43.45776265382365
2020-04-29 00:32:35,0.44380000000000003,2.6288117770767614,,153.0,170.0,1.0,19.79324498134152,43.45776265382365
2020-04-29 00:37:13,0.444,2.43993993993994,,149.0,178.0,1.0,19.79324498134152,43.45776265382365
2020-04-29 00:53:34,1.6134000000000002,5.547291434238254,3.0,148.0,165.0,10.0,19.79324498134152,43.45776265382365
2020-04-30 21:25:38,4.8317,5.1017240308794,10.4,145.0,157.0,25.0,19.656939698120198,39.53628342068598
2020-04-30 22:08:48,0.096,2.6041666666666665,,103.0,113.0,0.0,19.656939698120198,39.53628342068598
2020-04-30 22:10:32,0.2125,2.588235294117647,,128.0,148.0,0.0,19.656939698120198,39.53628342068598
2020-04-30 22:13:24,0.3906,2.8161802355350742,,135.0,154.0,0.0,19.656939698120198,39.53628342068598
2020-04-30 22:17:41,0.2036,2.619515389652914,,126.0,141.0,0.0,19.656939698120198,39.53628342068598
2020-04-30 22:20:27,0.1021,2.122102513875286,,106.0,115.0,0.0,19.656939698120198,39.53628342068598
2020-04-30 22:26:09,0.1381,2.5343953656770455,,117.0,133.0,0.0,19.656939698120198,39.53628342068598
2020-04-30 22:27:55,0.1454,2.2925263640531863,,130.0,147.0,0.0,19.656939698120198,39.53628342068598
2020-04-30 22:43:20,3.2229,5.181668683483818,6.4,153.0,166.0,26.0,19.656939698120198,39.53628342068598
2020-05-01 23:47:20,4.8328,4.966065220989902,50.9,150.0,167.0,30.0,20.39438904218046,41.06235744839293
2020-05-02 00:32:21,1.6100999999999999,5.1963646150342635,13.4,151.0,165.0,11.0,20.620392866692683,39.58971319114864
2020-05-02 15:34:37,1.6457,5.387778250389905,,138.0,148.0,5.0,20.620392866692683,39.58971319114864
2020-05-02 16:16:15,1.7542,2.7932960893854752,,177.0,196.0,16.0,20.620392866692683,39.58971319114864
2020-05-02 16:59:45,3.4278000000000004,5.58181146313476,3.3,147.0,171.0,22.0,20.620392866692683,39.58971319114864
2020-05-03 00:44:26,7.2409,5.2364577147408005,61.0,146.0,172.0,39.0,21.405758722750154,41.50804083634519
2020-05-03 16:38:16,3.265,5.359877488514548,23.5,143.0,164.0,14.0,21.405758722750154,41.50804083634519
2020-05-03 22:18:40,12.8777,4.9387701219938345,160.2,151.0,174.0,84.0,21.405758722750154,41.50804083634519
2020-05-05 00:08:31,10.775,4.6836813611755606,13.0,151.0,170.0,71.0,23.557864017213415,47.00223328301582
2020-05-06 02:15:08,1.6311,5.068154415220812,2.9,133.0,156.0,3.0,24.674097458503304,50.196866389685944
2020-05-06 03:45:17,3.2217,6.016492328066962,6.4,119.0,130.0,4.0,24.674097458503304,50.196866389685944
2020-05-07 21:18:04,1.6282999999999999,4.964277672009663,2.8,144.0,158.0,7.0,24.258255755360846,44.44640881168016
2020-05-07 21:39:22,3.2161999999999997,3.9228489107227995,6.4,159.0,185.0,27.0,24.258255755360846,44.44640881168016
2020-05-07 22:03:41,0.1945,2.227934875749786,,145.0,161.0,0.0,24.258255755360846,44.44640881168016
2020-05-07 22:16:25,3.2177,5.034652080678746,6.3,158.0,169.0,29.0,24.258255755360846,44.44640881168016
2020-05-08 03:06:58,5.9509,5.559383174533824,45.1,140.0,162.0,22.0,25.169783653587366,46.91630183784582
2020-05-09 00:12:03,6.4413,5.037802927980377,13.0,145.0,164.0,36.0,25.095203990541165,43.599391406733375
2020-05-09 01:43:19,0.8585,6.0570762958648805,,130.0,141.0,1.0,25.095203990541165,43.599391406733375
2020-05-09 15:32:44,1.6431,5.457164303247926,6.7,128.0,139.0,2.0,25.095203990541165,43.599391406733375
2020-05-09 16:25:23,1.6072,5.641280902604945,5.5,137.0,147.0,4.0,25.095203990541165,43.599391406733375
2020-05-10 00:32:26,8.2231,4.983927391535228,21.5,135.0,153.0,17.0,25.516473641479376,43.51959916379734
2020-05-10 15:49:42,12.8779,4.273471088712704,21.2,163.0,186.0,125.0,25.516473641479376,43.51959916379734
2020-05-10 16:52:54,0.8076,5.221231632821529,,138.0,149.0,2.0,25.516473641479376,43.51959916379734
2020-05-12 01:36:13,9.6608,4.576915645357182,24.4,152.0,172.0,62.0,27.638241297141636,49.32167793651688
2020-05-12 02:37:56,0.21769999999999998,2.526412494258154,,122.0,141.0,0.0,27.638241297141636,49.32167793651688
2020-05-12 02:41:12,0.2109,2.4498182392919237,,121.0,155.0,0.0,27.638241297141636,49.32167793651688
2020-05-12 02:44:54,0.2042,2.366960496245511,,119.0,143.0,0.0,27.638241297141636,49.32167793651688
2020-05-12 22:25:13,3.2191,5.239559711306473,30.6,133.0,152.0,8.0,27.638241297141636,49.32167793651688
2020-05-12 23:48:50,3.2916,5.8583464981569255,30.7,143.0,159.0,16.0,27.638241297141636,49.32167793651688
2020-05-15 01:21:43,3.2231,4.8504028213004045,6.0,130.0,143.0,4.0,27.662276829380247,40.73335564761862
2020-05-15 03:11:39,3.2224,5.4410791128765315,6.0,141.0,167.0,12.0,27.662276829380247,40.73335564761862
2020-05-15 21:43:47,9.660200000000001,4.8791260360379,82.5,156.0,169.0,78.0,27.662276829380247,40.73335564761862
2020-05-17 19:34:37,2.204,4.748941318814277,4.0,145.0,163.0,10.0,28.535521511538757,41.45784886738554
2020-05-17 20:26:20,0.5352,2.5535625311410066,,134.0,150.0,0.0,28.535521511538757,41.45784886738554
2020-05-17 20:33:36,0.5504,2.5436046511627906,,137.0,156.0,1.0,28.535521511538757,41.45784886738554
2020-05-17 20:43:29,0.5366000000000001,2.577959995030438,,134.0,154.0,0.0,28.535521511538757,41.45784886738554
2020-05-17 20:55:05,0.319,2.560083594566353,,148.0,178.0,1.0,28.535521511538757,41.45784886738554
2020-05-17 21:04:32,0.2051,2.4378352023403216,,144.0,160.0,0.0,28.535521511538757,41.45784886738554
2020-05-17 21:16:34,1.7639,5.77319197989304,2.6,148.0,161.0,11.0,28.535521511538757,41.45784886738554
2020-05-18 02:59:49,5.843,5.097267385475498,46.8,145.0,172.0,28.0,28.405280026872024,39.00070126006545
2020-05-18 23:30:17,8.0546,4.724008641025003,108.9,146.0,177.0,42.0,28.405280026872024,39.00070126006545
2020-05-19 00:15:43,0.1194,2.5125628140703515,,121.0,129.0,0.0,29.383933632011974,43.12739301459708
2020-05-19 00:18:28,0.09040000000000001,2.581120943952802,,124.0,124.0,0.0,29.383933632011974,43.12739301459708
2020-05-19 19:13:42,2.2502,5.0588095872959435,4.1,142.0,152.0,10.0,29.383933632011974,43.12739301459708
2020-05-19 20:56:59,2.3765,5.294901465740936,4.9,147.0,166.0,14.0,29.383933632011974,43.12739301459708
2020-05-20 02:27:18,6.0323,5.163867844768993,56.0,137.0,167.0,17.0,29.25725875447447,40.581114284190214
2020-05-21 23:20:59,3.2245999999999997,5.039384729888979,5.5,141.0,157.0,12.0,28.968866129714662,37.44194682444782
2020-05-22 00:12:55,0.43089999999999995,2.475439003635801,0.0,136.0,153.0,0.0,28.5696173302586,34.055061428733126
2020-05-22 00:18:20,0.3237,2.4714241581711462,0.0,124.0,147.0,0.0,28.5696173302586,34.055061428733126
2020-05-22 00:23:03,0.15769999999999998,2.219403931515536,0.0,109.0,116.0,0.0,28.5696173302586,34.055061428733126
2020-05-22 00:26:28,0.1546,2.1561017680034498,0.0,112.0,115.0,0.0,28.5696173302586,34.055061428733126
2020-05-22 00:44:08,3.2223,5.255045567865603,5.5,153.0,169.0,25.0,28.5696173302586,34.055061428733126
2024-04-04 13:14:54,8.373700000000001,4.770889809761515,47.3,138.0,161.0,27.0,24.77663958665135,24.569517046036673
2024-04-04 19:47:51,6.937,4.610542501561674,24.7,126.0,150.0,8.0,24.77663958665135,24.569517046036673
2024-04-05 16:41:44,7.6547,4.7291206709603255,28.1,128.0,154.0,10.0,25.01717801392367,25.9580448434882
2024-04-05 17:45:21,0.6401,9.24334739363641,0.0,97.0,118.0,0.0,25.01717801392367,25.9580448434882
2024-04-06 14:42:41,2.0103,4.974381933044819,3.3,127.0,139.0,2.0,24.663849144013028,23.833676398042265
2024-04-06 16:24:37,3.2257,4.691488152442364,3.8,143.0,161.0,15.0,24.663849144013028,23.833676398042265
2024-04-06 17:53:19,1.7270999999999999,5.790052689479475,2.1,129.0,142.0,2.0,24.663849144013028,23.833676398042265
2024-04-06 18:24:32,5.1168000000000005,4.113899312070044,14.4,150.0,170.0,26.0,24.663849144013028,23.833676398042265
2024-04-06 19:00:45,4.08,5.126633986928105,2.0,131.0,148.0,6.0,24.663849144013028,23.833676398042265
2024-04-09 20:43:19,4.0376,3.450894921075226,0.0,150.0,179.0,20.0,24.107734873827606,20.628137702996565
2024-04-09 21:32:59,3.6441,5.373983516734813,0.0,130.0,144.0,5.0,24.107734873827606,20.628137702996565
2024-04-11 19:35:20,7.2519,4.722900205463396,25.9,126.0,148.0,8.0,23.561020085596596,18.3865922491045
2024-04-11 20:42:18,3.1444,3.821608785989908,0.0,161.0,172.0,24.0,23.561020085596596,18.3865922491045
2024-04-11 20:56:41,0.8942,5.2933721016923885,0.0,119.0,133.0,1.0,23.561020085596596,18.3865922491045
2024-04-12 19:35:50,3.2361,4.836068106671611,4.5,125.0,137.0,3.0,23.783103362705862,20.331959780710683
2024-04-12 20:19:01,7.0461,4.087367479882488,15.1,153.0,172.0,42.0,23.783103362705862,20.331959780710683
2024-04-12 21:12:15,3.2289,5.094614264919942,4.5,126.0,136.0,3.0,23.783103362705862,20.331959780710683
2024-04-13 14:59:44,17.7028,4.642391787363205,0.0,110.0,127.0,16.0,24.352886095098356,24.015187404498924
2024-04-15 19:36:42,5.0075,4.756199034781162,20.1,132.0,145.0,7.0,23.587998442183064,19.893277730226885
2024-04-15 20:49:37,2.6623,3.7686711990885073,0.0,163.0,174.0,22.0,23.587998442183064,19.893277730226885
2024-04-18 19:23:45,6.4531,4.845216510927564,71.0,138.0,158.0,18.0,22.612498475987287,15.860366926565218
2024-04-18 20:20:26,0.7682,4.859845526338627,0.0,135.0,158.0,2.0,22.612498475987287,15.860366926565218
2024-04-19 18:09:10,2.0564,4.870971925047008,17.3,125.0,143.0,2.0,22.55103079322372,16.411443575564466
2024-04-19 22:06:13,3.2285999999999997,4.676949761506536,37.4,143.0,165.0,13.0,22.55103079322372,16.411443575564466
2024-04-20 00:05:32,3.2249,6.201742689695805,0.0,123.0,135.0,4.0,22.373367774622192,16.223549242401212
2024-04-20 16:17:33,9.7165,4.614144324945539,41.8,137.0,149.0,23.0,22.373367774622192,16.223549242401212
2024-04-22 19:33:40,9.940299999999999,4.672897196261683,78.0,128.0,156.0,14.0,21.953255801578397,15.307445248975453
2024-04-22 20:38:15,1.1337000000000002,6.821322513304518,0.0,129.0,144.0,2.0,21.953255801578397,15.307445248975453
2024-04-25 19:32:42,4.9595,4.694693685519374,20.0,133.0,145.0,7.0,20.798806172242312,11.572479474908489
2024-04-25 20:27:12,3.1616999999999997,3.800697936763978,0.0,159.0,172.0,24.0,20.798806172242312,11.572479474908489
2024-04-26 20:30:50,4.9139,3.167884300996493,0.0,151.0,175.0,23.0,21.038823057142995,14.158711809855125
2024-04-26 21:11:40,3.2866999999999997,5.197716047504589,20.5,135.0,149.0,6.0,21.038823057142995,14.158711809855125
2024-04-27 13:41:07,14.498,4.774221731733113,93.8,130.0,147.0,21.0,21.22613612287147,16.13441526414004
2024-04-28 22:08:01,7.2508,4.730512495172946,22.7,129.0,140.0,9.0,21.220815521313302,16.782132123121176
2024-04-29 14:36:42,8.0523,4.843336686412577,128.7,135.0,159.0,20.0,20.933280344362714,15.746158350469706
2024-04-29 15:50:08,2.4858000000000002,4.02955453643361,0.0,156.0,173.0,18.0,20.933280344362714,15.746158350469706
2024-04-30 14:40:44,3.2804,4.765678982237938,21.0,123.0,141.0,3.0,21.334831472238868,18.70863648948206
2024-04-30 15:29:12,4.0041,3.067688952157372,0.0,132.0,171.0,7.0,21.334831472238868,18.70863648948206
2024-04-30 16:05:24,3.2272,4.76677408692778,0.0,136.0,146.0,6.0,21.334831472238868,18.70863648948206
2024-05-02 03:46:34,0.1277,25.319759853824067,0.0,89.0,112.0,0.0,20.710292549765448,15.90552521304383
2024-05-02 14:39:13,9.6669,4.684369687628229,36.4,135.0,159.0,22.0,20.710292549765448,15.90552521304383
2024-05-02 23:27:41,3.2262,4.783749715867997,9.1,124.0,131.0,3.0,20.710292549765448,15.90552521304383
2024-05-03 20:12:07,9.826600000000001,4.63028921498789,44.1,135.0,152.0,19.0,20.811222130824774,17.116200797352455
2024-05-03 21:19:19,0.6698,5.673335323977307,0.0,120.0,135.0,0.0,20.811222130824774,17.116200797352455
2024-05-04 15:10:59,8.0628,4.675795009177953,21.7,137.0,150.0,19.0,20.768607128988336,17.36697610365783
2024-05-04 15:59:54,0.669,3.3632286995515694,0.0,122.0,154.0,0.0,20.768607128988336,17.36697610365783
2024-05-08 19:08:18,5.119800000000001,4.756045158013984,16.3,127.0,147.0,6.0,19.298133380613866,11.45514390515391
2024-05-08 20:07:15,4.2091,4.308126044364195,0.0,154.0,176.0,29.0,19.298133380613866,11.45514390515391
2024-05-08 20:42:56,4.0451,5.409837416462716,32.2,136.0,156.0,10.0,19.298133380613866,11.45514390515391
2024-05-09 23:18:38,8.0568,4.844768808128951,35.8,127.0,151.0,10.0,19.90285495205703,15.920705601077744
2024-05-10 19:23:55,6.4461,4.803938298609495,24.4,126.0,142.0,7.0,19.669857477707648,15.132528836501411
2024-05-10 20:26:35,2.578,3.885440910266357,0.0,157.0,168.0,18.0,19.669857477707648,15.132528836501411
2024-05-10 20:45:11,0.4591,3.049444565454149,0.0,96.0,117.0,0.0,19.669857477707648,15.132528836501411
2024-05-11 20:03:57,2.0703,4.830217842824712,2.8,140.0,159.0,7.0,19.795266741160344,16.44610732194086
2024-05-12 00:24:49,1.6719000000000002,3.100265167374444,0.0,153.0,169.0,8.0,19.494215695906192,15.188621676058906
2024-05-12 00:35:26,3.7281,4.689609541947194,2.2,140.0,166.0,13.0,19.494215695906192,15.188621676058906
2024-05-12 22:59:42,12.2389,4.778479547453884,88.8,128.0,164.0,18.0,19.494215695906192,15.188621676058906
2024-05-14 19:41:36,12.885399999999999,4.727572808501612,139.6,133.0,161.0,30.0,19.483689843845415,15.914527962990292
2024-05-15 15:40:59,3.2241,4.704155164748818,4.4,125.0,137.0,3.0,19.731120884461617,17.789615583567112
2024-05-15 16:30:08,4.421399999999999,3.437825123264125,0.0,135.0,163.0,9.0,19.731120884461617,17.789615583567112
2024-05-15 17:09:38,3.2391,5.078571208051619,25.4,132.0,154.0,6.0,19.731120884461617,17.789615583567112
2024-05-15 23:02:28,3.2186999999999997,5.224676629280973,0.0,119.0,128.0,3.0,19.731120884461617,17.789615583567112
2024-05-16 22:48:05,11.2719,4.87347592981958,52.2,127.0,145.0,14.0,19.76097546989243,18.216988699691946
2024-05-17 14:31:36,4.863,5.027760641579271,20.0,126.0,145.0,6.0,19.62542943384806,17.655614307259203
2024-05-17 15:13:58,2.5028,4.008843428693197,0.0,156.0,170.0,17.0,19.62542943384806,17.655614307259203
2024-05-17 23:11:31,4.8344,4.995449280158861,12.6,122.0,131.0,5.0,19.62542943384806,17.655614307259203
2024-05-19 23:04:36,12.8963,4.138137812137331,19.8,150.0,173.0,67.0,19.356079693398872,16.499010234097515
2024-05-19 23:59:20,1.6164,5.567928730512249,3.4,128.0,136.0,2.0,19.356079693398872,16.499010234097515
2024-05-21 14:58:11,9.6912,4.698420560233338,14.3,138.0,156.0,27.0,20.04121954066481,20.361273409708843
2024-05-22 14:13:18,3.2243000000000004,4.9519792409722,9.3,130.0,143.0,5.0,20.204947907830295,21.245034636392717
2024-05-22 14:50:25,3.4741999999999997,3.0846429873544032,0.0,153.0,173.0,16.0,20.204947907830295,21.245034636392717
2024-05-22 15:20:32,3.2233,4.85010186248048,9.2,142.0,151.0,13.0,20.204947907830295,21.245034636392717
2024-05-23 16:52:28,9.667200000000001,4.7083609180183155,92.5,141.0,158.0,36.0,20.52952221610349,22.943002414209808
2024-05-24 21:55:20,7.2603,4.813850667327797,46.1,137.0,155.0,18.0,20.893516465042516,24.681177355787007
2024-05-24 22:44:40,0.4318,7.0248571869692755,0.0,138.0,158.0,1.0,20.893516465042516,24.681177355787007
2024-05-25 17:46:45,2.0407,4.908446448114209,12.9,126.0,141.0,2.0,20.848965216323858,23.92488709429293
2024-05-25 20:54:59,3.2641,4.7486290248460525,18.0,142.0,157.0,12.0,20.848965216323858,23.92488709429293
2024-05-25 22:32:10,3.2299,5.593568428331114,18.2,133.0,148.0,6.0,20.848965216323858,23.92488709429293
2024-05-27 23:07:57,8.486799999999999,4.929223421470206,17.7,128.0,140.0,10.0,20.33891948156921,20.287021524249006
2024-05-29 13:57:47,3.2583,4.721275920981288,8.6,129.0,141.0,4.0,19.62284510846718,16.399242086351663
2024-05-29 14:55:16,3.9945,3.8094045979889013,0.0,143.0,172.0,14.0,19.62284510846718,16.399242086351663
2024-05-29 16:35:20,2.3931,5.181563662195479,8.7,134.0,150.0,5.0,19.62284510846718,16.399242086351663
2024-05-31 23:40:36,8.8719,4.6419970167983555,8.0,130.0,149.0,12.0,19.23874188792407,14.977872005060453
2024-06-01 15:28:22,3.2331999999999996,4.861025196915337,0.0,120.0,130.0,3.0,19.068426500541463,14.581451429471668
2024-06-01 15:54:21,4.741,3.965408141742249,0.0,150.0,166.0,23.0,19.068426500541463,14.581451429471668
2024-06-01 16:13:52,1.7010999999999998,4.781219994905258,2.0,133.0,142.0,2.0,19.068426500541463,14.581451429471668
2024-06-04 02:40:56,9.663200000000002,4.801721996854043,101.5,130.0,167.0,20.0,18.382059085800698,12.299997571888337
2024-06-05 02:13:50,6.446899999999999,4.749052516196415,32.1,131.0,145.0,9.0,18.420126506608135,13.325038067047263
2024-06-05 03:13:41,1.7172,3.6396459352434194,0.0,158.0,170.0,11.0,18.420126506608135,13.325038067047263
2024-06-05 03:25:16,1.4649,3.8910505836575875,0.0,138.0,163.0,4.0,18.420126506608135,13.325038067047263
2024-06-05 03:46:20,1.842,5.4288816503800215,3.3,137.0,155.0,4.0,18.420126506608135,13.325038067047263
2024-06-06 18:14:55,8.0586,4.669959215413761,20.4,134.0,143.0,13.0,18.645524771992527,15.278599820648067
2024-06-07 05:39:40,3.2186999999999997,5.343772330443969,0.0,115.0,125.0,3.0,18.512695096144565,14.975267826894537
2024-06-07 06:00:17,1.3042,4.600521392424475,0.0,129.0,144.0,1.0,18.512695096144565,14.975267826894537
2024-06-07 20:04:48,6.4448,4.729911453161205,31.7,130.0,144.0,9.0,18.512695096144565,14.975267826894537
2024-06-07 21:00:38,0.457,2.9905178701677606,0.0,117.0,142.0,0.0,18.512695096144565,14.975267826894537
2024-06-08 23:44:52,2.0257,4.936565137976995,4.3,130.0,142.0,3.0,18.382990678531833,14.712316025222442
2024-06-09 02:37:33,3.2687,4.731748605459867,23.4,140.0,156.0,10.0,18.021054853621713,13.153147917155225
2024-06-09 04:23:12,3.4418,5.210451895326089,23.3,134.0,152.0,7.0,18.021054853621713,13.153147917155225
2024-06-09 20:26:49,1.6730999999999998,5.986890602275219,15.2,121.0,139.0,2.0,18.021054853621713,13.153147917155225
2024-06-09 23:02:30,3.2524,4.6478497929733935,30.1,130.0,151.0,5.0,18.021054853621713,13.153147917155225
2024-06-10 00:10:40,7.0681,4.8692953787675135,84.7,137.0,161.0,18.0,18.16172934851475,14.597103647522639
2024-06-13 23:56:27,8.053,4.710459870027732,22.5,143.0,157.0,35.0,17.313525363790447,11.309811682621428
2024-06-15 02:52:07,10.0667,4.764884884487137,35.9,138.0,156.0,28.0,17.312509325463182,12.538087902068945
2024-06-15 03:48:16,1.1769,4.276772311439657,0.0,123.0,143.0,1.0,17.312509325463182,12.538087902068945
2024-06-15 16:44:11,14.4895,4.415841356384509,47.1,150.0,174.0,84.0,17.312509325463182,12.538087902068945
2024-06-15 17:57:16,0.6449,5.117072414327803,2.3,141.0,153.0,2.0,17.312509325463182,12.538087902068945
2024-06-17 00:32:05,11.273299999999999,4.433780111709378,13.3,147.0,163.0,56.0,19.149519081513464,22.693158124599766
2024-06-18 02:59:52,8.0467,4.859134800601489,0.0,126.0,134.0,9.0,20.016548743579147,27.127034867741646
2024-06-19 01:09:42,3.2247,4.661932376138349,6.3,139.0,150.0,11.0,19.75734793272938,24.71392591484619
2024-06-19 01:58:27,7.1792,5.48807666592378,0.0,151.0,176.0,38.0,19.75734793272938,24.71392591484619
2024-06-19 02:46:29,1.8077999999999999,5.540804661282591,3.1,129.0,142.0,3.0,19.75734793272938,24.71392591484619
2024-06-21 02:02:37,8.0565,4.7746126316224995,26.5,133.0,151.0,14.0,20.03325714401881,24.572785694846353
2024-06-21 03:08:28,2.9984,4.0076929918178585,0.0,160.0,171.0,24.0,20.03325714401881,24.572785694846353
2024-06-22 02:35:53,3.2260999999999997,4.577250136904209,6.1,141.0,153.0,13.0,20.455984299772904,26.36024466365281
2024-06-22 03:23:36,5.4209,3.4680588094227898,0.0,151.0,177.0,27.0,20.455984299772904,26.36024466365281
2024-06-22 04:05:57,4.835100000000001,5.6186359468608025,6.3,132.0,151.0,12.0,20.455984299772904,26.36024466365281
2024-06-23 02:01:05,14.653,4.756705111581246,107.5,143.0,165.0,61.0,21.198161785414406,29.773462743918838
2024-06-24 02:30:53,4.839600000000001,4.807559853431412,7.5,130.0,144.0,7.0,22.134631906743895,33.93040496697756
2024-06-24 03:11:53,2.0646,3.8829151732377545,0.0,158.0,175.0,15.0,22.134631906743895,33.93040496697756
2024-06-24 03:25:12,1.2009,3.511255447303411,0.0,130.0,155.0,1.0,22.134631906743895,33.93040496697756
2024-06-24 23:37:27,3.3829000000000002,4.793717421935813,7.2,130.0,138.0,4.0,22.134631906743895,33.93040496697756
2024-06-25 00:34:14,3.6487,3.1974858625446507,0.0,148.0,172.0,14.0,22.2491058117942,33.00781490219173
2024-06-25 01:14:06,1.6151,5.108042845644233,3.5,135.0,145.0,3.0,22.2491058117942,33.00781490219173
2024-06-26 23:31:22,6.449199999999999,4.8119663420786045,8.7,128.0,136.0,7.0,22.125603205458777,30.876820962001627
2024-06-27 00:14:25,0.7727,3.3432552521461543,0.0,120.0,142.0,0.0,21.76972327366691,27.69828840825108
2024-06-27 19:17:38,2.0271,4.941377665959582,8.8,121.0,136.0,2.0,21.76972327366691,27.69828840825108
2024-06-27 22:19:15,3.2294,4.742883094898949,10.2,140.0,153.0,10.0,21.76972327366691,27.69828840825108
2024-06-28 00:02:19,1.6165,6.0109289617486334,0.0,124.0,135.0,2.0,21.539858163163203,25.608499285017317
2024-07-07 16:29:19,8.055399999999999,4.932509041553907,50.2,150.0,165.0,51.0,17.424097172705626,7.1644546683428665
2024-07-09 02:20:43,8.0542,4.989115409765505,53.7,142.0,160.0,33.0,17.785534917654495,11.269355940946573
2024-07-09 03:11:38,0.8445,5.762778764554962,7.2,126.0,143.0,1.0,17.785534917654495,11.269355940946573
2024-07-09 15:41:58,8.0552,5.077465488131891,57.2,142.0,160.0,38.0,17.785534917654495,11.269355940946573
2024-07-11 15:03:00,11.2723,4.496272573772285,61.8,155.0,173.0,83.0,18.61263407501922,16.77750877779691
2024-07-13 02:56:30,7.242,4.888152444076222,0.0,128.0,141.0,8.0,19.65399265291825,22.186167234902012
2024-07-13 16:47:37,9.6622,4.78496960664583,36.7,153.0,170.0,72.0,19.65399265291825,22.186167234902012
2024-07-14 15:26:47,14.492899999999999,4.8012015078647705,128.3,153.0,171.0,108.0,21.07383242306642,29.882466076083624
2024-07-15 13:41:49,8.0546,4.841953666227994,50.0,138.0,158.0,25.0,23.119058531936126,40.28163625837181
2024-07-16 00:39:36,4.828,5.091825462579397,0.0,117.0,127.0,5.0,23.163313912185522,38.24731274440358
2024-07-18 15:04:08,12.8811,4.566121423377403,70.0,152.0,172.0,85.0,22.201022938214635,29.318990081942765
2024-07-19 15:27:51,9.662600000000001,4.791670978825574,48.9,151.0,165.0,67.0,23.67857694844291,36.731363066265516
2024-07-20 01:59:45,4.828,5.374896437448219,0.0,122.0,132.0,6.0,24.697856964670677,40.760787586583476
2024-07-20 17:27:44,8.050600000000001,4.925098750403696,61.5,143.0,165.0,38.0,24.697856964670677,40.760787586583476
2024-07-21 14:51:34,17.7097,4.760103220269118,142.3,150.0,165.0,121.0,25.152003834289125,41.19199834621276
2024-07-22 17:00:12,11.3811,5.041984811075672,77.0,141.0,161.0,46.0,27.407145521830557,51.8162071431059
2024-07-23 15:22:06,3.229,4.918963559409518,23.9,129.0,155.0,4.0,27.84460402802217,51.04194143272765
2024-07-23 15:40:49,4.9354,4.0557334089773205,28.7,155.0,165.0,33.0,27.84460402802217,51.04194143272765
2024-07-23 16:02:01,3.5413,5.031109103060081,28.0,141.0,160.0,13.0,27.84460402802217,51.04194143272765
2024-07-25 15:04:54,11.2704,4.758778156350558,66.0,150.0,169.0,71.0,27.698481740201427,44.12689031491824
2024-07-26 01:41:10,3.2186999999999997,5.188430111535713,0.0,113.0,120.0,3.0,28.717293430251576,47.704295116440065
2024-07-26 02:02:45,1.6093,13.566975289463327,0.0,116.0,151.0,5.0,28.717293430251576,47.704295116440065
2024-07-27 01:31:39,12.8842,4.8237376010928115,105.7,140.0,166.0,45.0,28.229850458707194,42.41877596160096
2024-07-27 16:35:52,6.4445,4.960302066361497,39.6,139.0,161.0,21.0,28.229850458707194,42.41877596160096
2024-07-28 14:49:00,19.323400000000003,4.659290463031005,159.0,151.0,167.0,128.0,29.11851837230636,45.557958032054145
2024-07-29 15:35:53,13.0359,4.935089509227083,67.8,141.0,164.0,49.0,31.44503285633319,56.53281580771077
2024-07-30 15:14:53,3.2244,4.941487822023736,23.9,131.0,157.0,5.0,31.858071624098955,55.53003154659328
2024-07-30 15:54:26,12.2478,4.233413347703261,64.9,157.0,169.0,93.0,31.858071624098955,55.53003154659328
2024-07-30 16:49:11,2.9606999999999997,5.426644599813108,21.6,137.0,157.0,9.0,31.858071624098955,55.53003154659328
2024-07-31 02:12:16,3.2186999999999997,5.2868135168442745,0.0,112.0,118.0,3.0,33.62603446048185,62.38182184690268
2024-08-01 15:02:13,12.880799999999999,4.880649235037161,69.5,143.0,164.0,58.0,32.905455525096436,54.47678900598245
2024-08-02 00:32:26,5.648899999999999,5.169147975712086,68.4,126.0,150.0,9.0,33.49588783082118,54.94580625312931
2024-08-03 02:11:10,9.6682,5.073333195424174,93.7,129.0,161.0,16.0,32.91954090620612,48.8294040270415
2024-08-03 14:30:40,12.8788,4.8205836982741666,68.2,152.0,167.0,92.0,32.91954090620612,48.8294040270415
2024-08-04 14:42:09,21.0992,4.792440787644397,167.7,148.0,171.0,126.0,34.68605747405834,56.70631803599518
2024-08-05 22:29:03,11.7705,5.145632442688643,132.9,137.0,164.0,43.0,36.834520526827745,65.93083851308647
2024-08-05 23:40:32,1.2202,13.440419603343713,24.8,127.0,154.0,2.0,36.834520526827745,65.93083851308647
2024-08-06 15:12:22,3.2278000000000002,4.9621000888117806,23.7,134.0,159.0,5.0,37.02664048650722,63.14448133023461
2024-08-06 15:49:16,4.8891,4.094141389349096,28.9,159.0,171.0,39.0,37.02664048650722,63.14448133023461
2024-08-06 16:10:22,2.4268,4.965386517224329,13.4,147.0,163.0,14.0,37.02664048650722,63.14448133023461
2024-08-07 01:19:09,2.5184,5.095828038966539,14.5,127.0,144.0,3.0,37.520108261095835,62.4596371708578
2024-08-07 01:52:20,5.0456,3.967152898895407,17.9,157.0,168.0,35.0,37.520108261095835,62.4596371708578
2024-08-07 02:15:25,3.2241999999999997,5.427702996092054,13.8,135.0,152.0,7.0,37.520108261095835,62.4596371708578
2024-08-08 02:12:47,8.0467,5.099398925439414,0.0,115.0,128.0,8.0,37.69609749773607,60.13537360107342
2024-08-08 15:07:33,14.4915,4.862620616683343,79.3,141.0,165.0,56.0,37.69609749773607,60.13537360107342
2024-08-09 01:33:56,4.828,5.3334714167357085,0.0,120.0,128.0,5.0,38.31498395807818,60.649840783979414
2024-08-10 01:08:15,9.6695,5.024389403105987,71.9,135.0,157.0,21.0,37.53113857633703,53.24161710024807
2024-08-10 15:20:02,20.927799999999998,4.947167563400517,143.6,146.0,166.0,113.0,37.53113857633703,53.24161710024807
2024-08-11 14:58:23,4.8346,5.177953363946001,45.8,130.0,161.0,9.0,39.80088817621429,63.992342644642065
2024-08-11 23:30:19,8.4642,4.654899458897474,53.3,129.0,144.0,11.0,39.80088817621429,63.992342644642065
2024-08-12 17:06:09,11.4281,4.644983272226646,12.9,132.0,148.0,21.0,39.33500667464043,58.135989596877664
2024-08-12 18:11:19,1.4434,5.2191584684310195,30.7,111.0,138.0,1.0,39.33500667464043,58.135989596877664
2024-08-14 12:40:42,9.665700000000001,4.752199357866821,59.4,132.0,154.0,20.0,38.011253182637,46.22668943936231
2024-08-15 12:46:59,8.0546,4.908168417219145,39.8,132.0,152.0,12.0,37.58747877397013,42.735337458594664
2024-08-15 21:31:00,4.8371,5.071909477441718,29.4,124.0,148.0,6.0,37.58747877397013,42.735337458594664
2024-08-16 12:05:46,3.2675,4.957918898240244,74.1,127.0,133.0,3.0,37.12661843568363,39.44251738571854
2024-08-16 12:41:11,5.1486,3.4734361444535082,130.5,162.0,173.0,39.0,37.12661843568363,39.44251738571854
2024-08-16 13:06:16,1.7855,3.12704191169607,41.0,162.0,175.0,12.0,37.12661843568363,39.44251738571854
2024-08-16 13:24:18,3.2285,5.141706674926437,73.9,143.0,154.0,15.0,37.12661843568363,39.44251738571854
2024-08-16 23:41:47,6.437399999999999,4.916581228446267,0.0,120.0,134.0,6.0,37.12661843568363,39.44251738571854
2024-08-17 11:47:07,19.3183,4.807186277605517,61.8,145.0,164.0,92.0,38.017715224668024,44.176004150928094
2024-08-18 13:12:09,12.0735,5.045485291478583,101.0,128.0,152.0,20.0,39.28782733608987,50.54243492069514
2024-08-19 11:54:45,3.2205,4.952647104486881,10.0,123.0,135.0,3.0,38.834017290728916,46.47656183730881
2024-08-19 12:24:46,7.1113,4.239731132141802,26.0,148.0,173.0,35.0,38.834017290728916,46.47656183730881
2024-08-19 12:56:23,3.2195,4.9955997308070605,8.0,142.0,154.0,13.0,38.834017290728916,46.47656183730881
2024-08-19 22:25:01,3.2371999999999996,5.024918653980807,36.0,136.0,159.0,9.0,38.834017290728916,46.47656183730881
2024-08-20 12:20:29,9.6555,4.878048780487805,86.0,127.0,145.0,12.0,39.332017164225846,48.2768303281248
2024-08-21 12:14:28,16.0987,4.359565265104222,136.0,146.0,176.0,74.0,38.688940899959675,43.44758248443852
2024-08-22 13:38:33,8.052100000000001,5.135306317606586,83.0,122.0,149.0,10.0,39.519750563106584,47.514784471819404
2024-08-22 23:04:40,4.833,5.286571487688806,0.0,113.0,132.0,5.0,39.519750563106584,47.514784471819404
2024-08-23 12:06:58,3.221,5.003622063541343,0.0,122.0,132.0,3.0,38.942842188648974,43.18634807376062
2024-08-23 12:39:18,4.9325,3.7438756546713967,0.0,152.0,167.0,28.0,38.942842188648974,43.18634807376062
2024-08-23 13:08:39,1.7799,5.33737850441036,0.0,136.0,143.0,3.0,38.942842188648974,43.18634807376062
2024-08-23 20:19:52,6.442399999999999,5.373256343391698,0.0,121.0,129.0,7.0,38.942842188648974,43.18634807376062
2024-08-24 11:52:05,20.9272,4.7227213068797225,90.0,143.0,168.0,87.0,38.99124364224023,42.89529682630446
2024-08-26 12:01:08,0.8874,5.108556832694764,0.0,114.0,123.0,0.0,39.1768337462789,42.274694325408106
2024-08-26 12:44:07,1.6525999999999998,8.955585138569528,53.0,108.0,150.0,2.0,39.1768337462789,42.274694325408106
2024-08-26 13:31:21,0.8045,8.70105655686762,0.0,116.0,131.0,1.0,39.1768337462789,42.274694325408106
2024-08-26 19:57:12,9.741,5.1637408890257674,99.0,128.0,152.0,14.0,39.1768337462789,42.274694325408106
2024-08-27 12:04:16,9.693299999999999,4.893414351493644,0.0,134.0,149.0,17.0,38.655050252835345,38.91007393363761
2024-08-28 12:10:00,3.2195,5.016306879950302,15.0,127.0,143.0,4.0,38.14554344492522,35.99335887496297
2024-08-28 12:42:02,8.0715,4.185508682814016,46.0,153.0,173.0,52.0,38.14554344492522,35.99335887496297
2024-08-28 13:32:12,1.63,5.603271983640082,4.0,132.0,142.0,2.0,38.14554344492522,35.99335887496297
2024-08-29 13:19:07,6.437,4.942778727150329,41.0,124.0,148.0,7.0,38.612685320102436,38.922929160971925
2024-08-29 14:07:53,0.6941,3.9379532247995,0.0,134.0,157.0,1.0,38.612685320102436,38.922929160971925
2024-08-30 12:28:08,3.053,4.918659242275358,25.0,138.0,153.0,7.0,37.89242046747479,34.80640388518699
2024-08-30 13:32:17,3.218,5.391547545059043,15.0,133.0,147.0,6.0,37.89242046747479,34.80640388518699
2024-08-30 23:32:08,4.833,5.4486516311469755,0.0,113.0,121.0,5.0,37.89242046747479,34.80640388518699
2024-08-31 11:54:03,16.127200000000002,4.8778874613489425,64.0,131.0,149.0,27.0,37.42438536547072,32.56910010234419
2024-09-02 12:07:46,0.8453999999999999,5.401782193833294,0.0,114.0,120.0,0.0,36.304355241597555,27.590755563029813
2024-09-02 12:53:04,6.2575,4.629111732587561,94.0,148.0,179.0,35.0,36.304355241597555,27.590755563029813
2024-09-02 13:42:00,0.879,5.9347743648084945,0.0,139.0,147.0,3.0,36.304355241597555,27.590755563029813
2024-09-02 22:16:10,8.0465,5.23830236748897,97.0,137.0,162.0,22.0,36.304355241597555,27.590755563029813
2024-09-03 12:23:24,9.6654,5.052386174740138,40.0,129.0,147.0,13.0,36.861873796450375,31.905142249989026
2024-09-03 22:03:26,4.8345,5.060847381666494,76.0,129.0,152.0,8.0,36.861873796450375,31.905142249989026
2024-09-04 12:20:56,3.1391,5.03328979643847,17.0,128.0,142.0,4.0,36.48867065948492,30.453426810147455
2024-09-04 12:49:44,0.394,3.849407783417935,0.0,135.0,148.0,0.0,36.48867065948492,30.453426810147455
2024-09-04 13:02:09,5.959,3.7841919785198863,29.0,162.0,175.0,50.0,36.48867065948492,30.453426810147455
2024-09-04 13:31:43,3.299,5.29958573305042,9.0,137.0,144.0,8.0,36.48867065948492,30.453426810147455
2024-09-05 00:25:35,4.8496999999999995,5.429889134035783,46.0,120.0,139.0,5.0,37.088909210126374,34.652972888865236
2024-09-06 12:35:26,11.270700000000001,5.0070832630922055,150.0,134.0,157.0,27.0,36.33391129924281,30.70550685924857
2024-09-07 11:54:46,20.9805,4.712312226432481,82.0,141.0,173.0,76.0,36.114300109434055,30.21222200365529
2024-09-08 14:37:56,9.6651,5.054267415753587,124.0,131.0,151.0,17.0,37.052743354553876,36.30758717630112
2024-09-09 12:31:35,3.22,5.119047619047619,0.0,121.0,131.0,3.0,36.58093612542579,33.73732062063545
2024-09-09 13:00:01,0.4264,2.65791119449656,0.0,117.0,145.0,0.0,36.58093612542579,33.73732062063545
2024-09-09 13:11:27,6.2648,4.421529817392415,29.0,140.0,172.0,26.0,36.58093612542579,33.73732062063545
2024-09-09 14:07:13,1.8412,5.49460496777464,0.0,130.0,142.0,3.0,36.58093612542579,33.73732062063545
2024-09-10 00:03:22,4.833,5.559004069246154,0.0,116.0,126.0,5.0,36.47315442484071,33.50604485080914
2024-09-10 12:21:39,9.654,5.099785926386299,35.0,121.0,137.0,11.0,36.47315442484071,33.50604485080914
2024-09-11 01:10:13,3.2237,4.978751124484289,0.0,124.0,136.0,3.0,35.99145563231604,31.175603393201907
2024-09-11 13:03:32,12.0805,4.293420526192349,159.0,152.0,171.0,75.0,35.99145563231604,31.175603393201907
2024-09-11 23:51:24,5.654,5.1615375545336635,53.0,126.0,144.0,7.0,35.99145563231604,31.175603393201907
2024-09-12 13:43:01,8.0555,5.011069041855461,88.0,133.0,161.0,17.0,37.14454402091635,38.34082011417807
2024-09-13 12:22:10,3.2247,4.801480241056016,5.0,132.0,143.0,4.0,36.67057687694455,35.49988531952512
2024-09-13 12:42:36,0.435,3.486590038314176,0.0,114.0,131.0,0.0,36.67057687694455,35.49988531952512
2024-09-13 13:01:22,6.809,3.6814020658931805,18.0,152.0,171.0,39.0,36.67057687694455,35.49988531952512
2024-09-13 13:44:40,3.223,5.1039404281725105,5.0,146.0,156.0,17.0,36.67057687694455,35.49988531952512
2024-09-14 01:54:26,3.8674,4.96026615641861,0.0,113.0,148.0,5.0,37.219478854406205,38.76139204215134
2024-09-14 11:51:08,19.3115,4.884826830299735,69.0,137.0,158.0,56.0,37.219478854406205,38.76139204215134
2024-09-16 12:22:53,3.2205,4.994048543186875,18.0,125.0,136.0,3.0,36.89011838911005,36.167742974834454
2024-09-16 12:46:32,0.432,3.510802469135802,0.0,135.0,155.0,1.0,36.89011838911005,36.167742974834454
2024-09-16 12:57:24,5.8761,3.831906650102392,26.0,164.0,174.0,52.0,36.89011838911005,36.167742974834454
2024-09-16 13:27:15,1.7569000000000001,5.919517331663726,4.0,138.0,145.0,5.0,36.89011838911005,36.167742974834454
2024-09-17 20:56:41,13.7004,4.752902591651825,96.0,138.0,160.0,39.0,37.457383238428385,39.4734651839678
2024-09-18 13:02:08,3.2195,5.016306879950302,0.0,129.0,136.0,4.0,37.49367840897014,39.410436504282835
2024-09-18 13:37:37,0.4113,2.7554907204797794,0.0,123.0,160.0,0.0,37.49367840897014,39.410436504282835
2024-09-18 13:48:43,4.8268,4.716720532581972,2.0,146.0,180.0,27.0,37.49367840897014,39.410436504282835
2024-09-18 14:20:32,1.7971,5.564520616548885,0.0,139.0,151.0,6.0,37.49367840897014,39.410436504282835
2024-09-18 22:56:11,8.0455,5.110517266380793,87.0,130.0,149.0,13.0,37.49367840897014,39.410436504282835
2024-09-19 13:24:13,11.2713,4.941754722170469,42.0,146.0,176.0,60.0,37.78793106219171,40.82014143756151
2024-09-19 22:20:54,4.833,5.386578384716188,0.0,119.0,133.0,5.0,37.78793106219171,40.82014143756151
2024-09-20 13:06:06,0.894,4.921700223713647,0.0,122.0,132.0,1.0,38.42818514700122,44.039014993136874
2024-09-20 13:26:32,1.345,8.934324659231724,38.0,127.0,158.0,4.0,38.42818514700122,44.039014993136874
2024-09-20 14:02:45,0.8006,7.76500957615122,0.0,121.0,134.0,1.0,38.42818514700122,44.039014993136874
2024-09-20 23:34:00,8.047,5.0225757010894325,86.0,126.0,146.0,10.0,38.42818514700122,44.039014993136874
2024-09-21 11:50:15,17.9145,4.921525393768549,73.0,134.0,149.0,38.0,37.90048777904107,40.30640242831434
2024-09-23 13:00:45,3.221,4.957052675152644,0.0,125.0,141.0,3.0,37.011039493132195,34.674569244078825
2024-09-23 13:32:45,4.145,3.638922396461601,0.0,160.0,171.0,30.0,37.011039493132195,34.674569244078825
2024-09-23 13:56:09,1.896,4.579817158931084,39.0,145.0,169.0,8.0,37.011039493132195,34.674569244078825
2024-09-23 14:12:14,2.7134,5.429842018623621,0.0,135.0,143.0,5.0,37.011039493132195,34.674569244078825
2024-09-24 00:43:16,4.1893,5.494155745987793,0.0,113.0,121.0,4.0,37.22253457260839,36.18223437254094
2024-09-24 12:22:01,8.0605,5.001757541922545,30.0,125.0,145.0,9.0,37.22253457260839,36.18223437254094
2024-09-25 00:06:56,5.6377,5.445483087074517,0.0,124.0,136.0,7.0,36.652619189107185,33.09616664438476
2024-09-25 13:00:36,3.221,4.962227051640277,0.0,135.0,146.0,7.0,36.652619189107185,33.09616664438476
2024-09-25 13:34:41,3.1605,4.202921478668987,0.0,152.0,188.0,19.0,36.652619189107185,33.09616664438476
2024-09-25 14:00:54,3.2375,5.2149292149292155,0.0,146.0,154.0,18.0,36.652619189107185,33.09616664438476
2024-09-25 22:12:29,6.4452,5.112331657667722,56.0,149.0,175.0,38.0,36.652619189107185,33.09616664438476
2024-09-26 12:46:25,11.2805,5.061832365586632,81.0,130.0,155.0,19.0,37.88426476776022,40.53820235270011
2024-09-27 16:39:29,6.4345,4.784106509182273,46.0,135.0,148.0,12.0,37.43994986896236,37.67099161990309
2024-09-27 17:27:42,0.2405,3.257103257103257,2.0,129.0,148.0,0.0,37.43994986896236,37.67099161990309
2024-09-28 11:44:38,1.6653,6.145038931924177,4.0,117.0,132.0,2.0,36.84139075689419,34.25361529996611
2024-09-28 15:21:38,3.121,5.003738118124533,10.0,135.0,144.0,5.0,36.84139075689419,34.25361529996611
2024-09-28 15:58:48,0.455,3.36996336996337,3.0,86.0,101.0,0.0,36.84139075689419,34.25361529996611
2024-09-30 13:18:40,13.159,4.916786989892849,72.0,141.0,157.0,51.0,35.28897702126017,26.548618350384995
2024-10-01 13:00:31,3.1405,4.7603884731730615,0.0,133.0,142.0,4.0,35.65863089291777,29.803637629591613
2024-10-01 13:30:57,3.1905,4.058924933396019,0.0,153.0,178.0,20.0,35.65863089291777,29.803637629591613
2024-10-01 13:46:49,1.7715,5.165114309906858,0.0,139.0,150.0,5.0,35.65863089291777,29.803637629591613
2024-10-02 13:25:07,6.445,5.102146366692526,73.0,124.0,147.0,8.0,35.50196453880215,29.696655700500592
2024-10-02 22:47:34,9.0605,4.955576403068264,93.0,133.0,154.0,18.0,35.50196453880215,29.696655700500592
2024-10-03 21:58:03,6.453,4.847874373676326,10.0,135.0,160.0,15.0,35.278399339713935,29.20454912974949
2024-10-03 22:43:35,0.5645,3.2477118393858873,3.0,117.0,144.0,0.0,35.278399339713935,29.20454912974949
2024-10-04 11:13:56,1.629,6.271741354614283,8.0,114.0,149.0,2.0,34.8012828058582,27.31360971649551
2024-10-04 14:12:12,2.9948,5.008681714972619,5.0,132.0,143.0,5.0,34.8012828058582,27.31360971649551
2024-10-04 14:50:08,0.4084,3.672869735553379,3.0,104.0,129.0,0.0,34.8012828058582,27.31360971649551
2024-10-04 15:49:54,1.467,5.294251306521245,7.0,137.0,161.0,3.0,34.8012828058582,27.31360971649551
2024-10-04 16:21:08,0.8222999999999999,5.371113543313471,2.0,122.0,136.0,1.0,34.8012828058582,27.31360971649551
2024-10-05 13:53:29,14.489,4.874962615317368,116.0,133.0,152.0,28.0,34.2412787659234,25.14190772837978
2024-10-07 12:40:42,1.586,5.264817150063052,0.0,120.0,126.0,1.0,33.29224752383762,22.124789749368528
2024-10-07 13:23:36,1.739,16.896683917960512,46.0,112.0,149.0,3.0,33.29224752383762,22.124789749368528
2024-10-07 13:59:19,0.823,7.168894289185906,0.0,119.0,138.0,1.0,33.29224752383762,22.124789749368528
2024-10-07 23:29:18,8.046,5.068771232082194,83.0,131.0,152.0,12.0,33.29224752383762,22.124789749368528
2024-10-08 12:53:37,9.6605,5.02389455342201,34.0,129.0,148.0,13.0,32.908918418957555,21.44256697459385
2024-10-09 12:53:39,3.22,4.958592132505176,17.0,127.0,143.0,4.0,32.440495147981395,20.31867472743616
2024-10-09 13:26:32,5.5021,3.619830004301388,36.0,128.0,136.0,5.0,32.440495147981395,20.31867472743616
2024-10-09 13:51:29,1.8135,3.7772263578715193,9.0,161.0,170.0,13.0,32.440495147981395,20.31867472743616
2024-10-09 14:01:41,2.002,5.444555444555445,2.0,139.0,147.0,6.0,32.440495147981395,20.31867472743616
2024-10-09 21:57:33,5.268,5.036699569729183,44.0,134.0,151.0,9.0,32.440495147981395,20.31867472743616
2024-10-11 01:13:53,4.833,5.379681357334988,0.0,115.0,143.0,6.0,31.781978414184803,19.53884513002209
2024-10-11 12:55:21,3.1632,4.910639015343112,0.0,130.0,139.0,4.0,31.781978414184803,19.53884513002209
2024-10-11 13:26:56,0.465,3.225806451612903,0.0,119.0,144.0,0.0,31.781978414184803,19.53884513002209
2024-10-11 13:37:17,5.417,3.1936496215617503,0.0,160.0,184.0,27.0,31.781978414184803,19.53884513002209
2024-10-11 14:12:28,3.304,5.912025827280066,0.0,137.0,149.0,9.0,31.781978414184803,19.53884513002209
2024-10-11 23:27:41,6.4429,5.150372244382705,64.0,120.0,153.0,7.0,31.781978414184803,19.53884513002209
2024-10-12 11:50:55,17.7073,4.910404183585301,72.0,142.0,153.0,74.0,32.28120267467533,23.993264343097987
2024-10-14 13:02:51,9.667,4.429157615254647,60.0,132.0,149.0,17.0,32.48015860325393,26.570038234533335
2024-10-15 12:54:32,3.1532,4.936783796355026,0.0,123.0,130.0,3.0,32.115936580963606,25.296054645281192
2024-10-15 13:26:48,3.739,3.5883034679504324,0.0,134.0,160.0,9.0,32.115936580963606,25.296054645281192
2024-10-15 13:54:49,3.228,5.075382073523337,0.0,130.0,144.0,4.0,32.115936580963606,25.296054645281192
2024-10-16 13:56:25,9.661200000000001,4.887246580825018,94.0,148.0,180.0,59.0,31.73675577519412,24.05854432686428
2024-10-17 01:34:01,4.833,5.172770535899027,0.0,130.0,173.0,19.0,32.37821392819177,28.71002429185804
2024-10-17 12:43:43,10.4735,4.834423386005952,50.0,139.0,174.0,37.0,32.37821392819177,28.71002429185804
2024-10-18 16:59:12,6.1707,4.726638252818427,67.0,134.0,152.0,11.0,32.93399471272295,32.34292317389242
2024-10-18 17:39:57,0.41,5.609756097560975,4.0,139.0,166.0,1.0,32.93399471272295,32.34292317389242
2024-10-19 11:02:30,1.6905,6.230898156363995,17.0,119.0,144.0,3.0,32.441453125501724,29.634830515763163
2024-10-19 14:09:56,3.0294,4.9844853766422395,22.0,132.0,142.0,5.0,32.441453125501724,29.634830515763163
2024-10-19 14:51:23,0.463,3.5277177825773935,3.0,131.0,156.0,1.0,32.441453125501724,29.634830515763163
2024-10-19 15:40:07,3.3211,5.500185681450925,32.0,138.0,168.0,12.0,32.441453125501724,29.634830515763163
2024-10-21 13:30:58,8.0532,4.2219242040431135,55.0,168.0,177.0,93.0,31.41529613373297,24.69331495690339
2024-10-22 12:55:38,3.2185,4.779659261560768,0.0,134.0,142.0,6.0,32.86428034372731,33.78644433094327
2024-10-22 13:27:31,3.7185,3.4288019362646227,0.0,153.0,180.0,21.0,32.86428034372731,33.78644433094327
2024-10-22 13:51:35,1.845,5.420054200542006,0.0,137.0,143.0,5.0,32.86428034372731,33.78644433094327
2024-10-23 00:02:12,6.04,4.801324503311259,0.0,118.0,130.0,6.0,32.84394528497979,33.54862910962872
2024-10-23 13:52:32,12.8815,4.798871767004361,102.0,132.0,155.0,24.0,32.84394528497979,33.54862910962872
2024-10-24 12:44:27,8.0516,4.943116896020666,24.0,123.0,141.0,9.0,32.777032049170906,33.076228149547305
2024-10-24 13:30:25,0.5885,5.2393089776267345,0.0,117.0,142.0,0.0,32.777032049170906,33.076228149547305
2024-10-25 00:29:30,4.833,5.3141595972136,0.0,125.0,137.0,6.0,32.21759858863836,29.87115009218577
2024-10-25 12:47:15,3.222,4.769294434098904,18.0,127.0,146.0,4.0,32.21759858863836,29.87115009218577
2024-10-25 13:18:44,8.7431,4.109907622391752,55.0,152.0,172.0,51.0,32.21759858863836,29.87115009218577
2024-10-25 13:59:11,2.6275999999999997,5.505657888060081,5.0,139.0,148.0,8.0,32.21759858863836,29.87115009218577
2024-10-26 12:20:10,16.9108,4.736618019253968,71.0,138.0,156.0,43.0,33.08302645472784,35.080064772273914
2024-10-28 13:29:21,8.1331,4.975552577328038,65.0,128.0,153.0,13.0,32.53247844946531,31.324098202994612
2024-10-29 12:55:02,3.218,4.8011187072715975,0.0,130.0,140.0,4.0,32.072912176047986,28.884755765028046
2024-10-29 13:25:53,3.596,4.157397107897664,0.0,159.0,180.0,29.0,32.072912176047986,28.884755765028046
2024-10-29 13:46:10,2.8415,5.589770661035838,0.0,130.0,138.0,4.0,32.072912176047986,28.884755765028046
2024-10-29 23:53:23,4.833,5.176219049589626,0.0,116.0,126.0,5.0,32.072912176047986,28.884755765028046
2024-10-30 14:13:26,11.4255,4.947996440710107,98.0,126.0,146.0,14.0,32.30647980900063,30.630684622876835
2024-10-31 17:14:34,6.105,4.799344799344799,34.0,134.0,154.0,12.0,31.87575921576008,28.41677295728711
2024-10-31 17:57:04,0.444,3.2657657657657655,0.0,124.0,141.0,0.0,31.87575921576008,28.41677295728711
2024-11-01 10:45:49,1.0699,6.8074897965541945,6.0,125.0,151.0,4.0,31.408116124907114,26.23133766188863
2024-11-01 13:22:05,3.01,4.988925802879292,13.0,117.0,139.0,3.0,31.408116124907114,26.23133766188863
2024-11-01 13:59:24,0.4383,3.4223134839151266,0.0,109.0,129.0,0.0,31.408116124907114,26.23133766188863
2024-11-01 14:48:43,3.248,5.895935960591133,6.0,123.0,136.0,4.0,31.408116124907114,26.23133766188863
2024-11-01 23:05:41,3.722,5.431667562242522,37.0,124.0,147.0,5.0,31.408116124907114,26.23133766188863
2024-11-02 14:12:39,11.2715,4.965325526031732,44.0,135.0,156.0,28.0,31.045589140621676,24.86932050397295
2024-11-04 14:21:49,7.3135,4.623869100521866,56.0,139.0,155.0,20.0,30.245167197519486,21.919946639844376
2024-11-05 13:55:52,3.219,4.778916847882365,0.0,129.0,149.0,4.0,30.004115693396088,21.66435931078071
2024-11-05 14:27:01,4.9524,7.720162614759174,22.0,148.0,179.0,25.0,30.004115693396088,21.66435931078071
2024-11-05 15:06:34,1.6095,5.229367298332815,0.0,130.0,142.0,2.0,30.004115693396088,21.66435931078071
2024-11-06 13:46:40,7.068,4.951895868704018,26.0,150.0,178.0,42.0,30.02754717141998,22.907139406507245
2024-11-07 13:47:22,3.2275,4.9109217660728115,17.0,131.0,149.0,5.0,30.309238793112048,25.448821108489994
2024-11-07 14:18:43,6.8445,4.034869846835659,37.0,153.0,176.0,43.0,30.309238793112048,25.448821108489994
2024-11-07 15:00:06,3.229,5.383503664705275,5.0,136.0,145.0,6.0,30.309238793112048,25.448821108489994
2024-11-08 15:34:40,9.6565,4.898255061357634,89.0,127.0,149.0,13.0,30.866642446234586,29.24961400713609
2024-11-09 00:20:50,4.833,5.469342713290572,0.0,122.0,133.0,5.0,30.446270484287247,27.086431262257264
2024-11-09 13:36:37,14.8041,4.656367717952009,124.0,128.0,145.0,20.0,30.446270484287247,27.086431262257264
2024-11-11 14:00:34,8.047,4.510997887411457,80.0,133.0,152.0,14.0,29.604794488273416,23.23985321090328
2024-11-12 13:55:16,3.219,4.6857202029615825,0.0,130.0,137.0,3.0,29.237639993825972,22.009824545467808
2024-11-12 14:23:57,3.329,3.4244517873235205,0.0,142.0,172.0,11.0,29.237639993825972,22.009824545467808
2024-11-12 14:51:07,3.219,5.1413482447965215,0.0,133.0,142.0,5.0,29.237639993825972,22.009824545467808
2024-11-13 15:43:05,5.663,4.953205015009712,52.0,142.0,177.0,21.0,28.996765592109707,21.60915038059168
2024-11-14 00:33:17,4.833,5.296917028760604,0.0,137.0,153.0,13.0,28.80861518548999,21.52805900255934
2024-11-14 17:21:05,5.973,4.718455270941459,37.0,148.0,174.0,31.0,28.80861518548999,21.52805900255934
2024-11-14 18:05:07,0.512,3.841145833333333,6.0,124.0,149.0,0.0,28.80861518548999,21.52805900255934
2024-11-15 11:42:48,1.0323,6.506506506506507,7.0,128.0,156.0,3.0,29.166042847592134,24.51957098482864
2024-11-15 14:17:39,3.0585,4.947959239278513,22.0,131.0,144.0,4.0,29.166042847592134,24.51957098482864
2024-11-15 15:45:37,3.2185,5.799803220962146,23.0,123.0,140.0,4.0,29.166042847592134,24.51957098482864
2024-11-15 23:50:50,3.2228000000000003,5.3473170328079105,35.0,136.0,154.0,12.0,29.166042847592134,24.51957098482864
2024-11-16 15:17:02,11.2765,4.954255900914882,110.0,127.0,145.0,16.0,29.020966259358293,24.317282503849565
2024-11-18 14:24:27,6.4418,5.032237366367578,60.0,125.0,149.0,9.0,28.03899866372347,20.120295337738213
2024-11-19 14:28:15,0.055299999999999995,10.548523206751057,0.0,90.0,93.0,0.0,27.591043137335863,18.639938266980238
2024-11-19 14:29:24,8.0485,4.437679898945973,40.0,134.0,154.0,15.0,27.591043137335863,18.639938266980238
2024-11-20 14:23:19,3.22,4.694616977225673,0.0,128.0,142.0,4.0,27.294797129025504,18.155382040100143
2024-11-20 14:56:07,2.9132,3.8788960593162165,0.0,135.0,163.0,8.0,27.294797129025504,18.155382040100143
2024-11-20 15:17:52,1.8245,4.97853293139673,2.0,129.0,137.0,2.0,27.294797129025504,18.155382040100143
2024-11-21 13:34:12,11.266200000000001,4.830081719361156,133.0,152.0,178.0,82.0,26.981992976278935,17.602208855581637
2024-11-22 16:49:27,6.440600000000001,4.872734424328995,68.0,127.0,149.0,8.0,28.276473885302124,26.174978064175768
2024-11-22 17:31:38,0.4515,3.248431155407899,4.0,153.0,177.0,2.0,28.276473885302124,26.174978064175768
2024-11-23 11:47:10,1.0431,6.950436199789091,2.0,105.0,124.0,1.0,27.846459280836644,24.02173101277795
2024-11-23 14:30:25,2.8171999999999997,5.383596005490085,41.0,124.0,145.0,3.0,27.846459280836644,24.02173101277795
2024-11-23 15:09:51,0.42910000000000004,3.7287345607084594,0.0,148.0,158.0,1.0,27.846459280836644,24.02173101277795
2024-12-04 23:08:08,5.4502,5.0640343473634,28.0,147.0,179.0,26.0,21.522914830823026,5.149985316446706
2024-12-05 14:30:42,6.4421,4.8690126925484964,53.0,135.0,154.0,15.0,21.628253093568016,7.925583061360873
2024-12-06 14:24:20,8.0501,4.573442151857327,86.0,145.0,163.0,35.0,21.47230147783431,8.867344302275404
2024-12-06 15:10:56,1.189,6.602186711522287,44.0,143.0,182.0,8.0,21.47230147783431,8.867344302275404
2024-12-08 16:48:11,11.271,4.870907639073729,106.0,142.0,175.0,42.0,21.461687540588336,11.625833980060996
2024-12-09 14:28:10,7.4161,4.813850945914969,61.0,132.0,176.0,16.0,21.94491939176751,15.669306753971945
2024-12-10 14:12:39,8.3075,4.407663757648711,60.0,139.0,161.0,24.0,21.80504546549085,15.71332933342163
2024-12-10 14:55:09,1.2625,6.574257425742575,44.0,141.0,181.0,7.0,21.80504546549085,15.71332933342163
2024-12-12 13:48:12,8.053600000000001,4.832207542796595,47.0,130.0,149.0,11.0,21.503261137732796,15.38562899960194
2024-12-13 14:20:05,9.6563,3.9835823935323744,27.0,156.0,175.0,66.0,21.256137118510903,14.80180485625842
2024-12-13 15:02:29,0.8795,5.268144779230624,3.0,135.0,148.0,2.0,21.256137118510903,14.80180485625842
2024-12-14 16:49:26,12.8735,4.8860061366372785,107.0,143.0,162.0,55.0,22.355941371471154,21.88366032329299
2024-12-16 14:25:18,9.7131,4.380681759685372,61.0,146.0,167.0,43.0,22.579932270165642,22.79210718944652
2024-12-16 15:23:03,0.9375,7.271111111111111,31.0,133.0,149.0,2.0,22.579932270165642,22.79210718944652
2024-12-17 14:26:26,8.046,5.014914243102163,64.0,178.0,190.0,145.0,23.107438648991113,25.74846852251024
2024-12-18 13:25:54,3.217,4.932131385348669,0.0,135.0,148.0,8.0,25.975365027218313,41.62348285080101
2024-12-18 13:56:03,5.5606,3.599731443848985,0.0,162.0,175.0,45.0,25.975365027218313,41.62348285080101
2024-12-18 14:21:52,0.8857,5.419442249068533,2.0,129.0,137.0,1.0,25.975365027218313,41.62348285080101
2024-12-19 18:06:05,7.0855,4.9396655140780465,67.0,134.0,158.0,14.0,26.634737420314423,43.27107080748028
2024-12-20 17:42:50,8.054,4.552603261319427,71.0,148.0,166.0,43.0,26.33746335922264,39.37444438502735
2024-12-20 19:00:51,3.2495,5.164897163666206,0.0,148.0,165.0,17.0,26.33746335922264,39.37444438502735
2024-12-20 19:21:28,0.8204,5.2819762717373635,2.0,130.0,144.0,1.0,26.33746335922264,39.37444438502735
2024-12-21 02:24:41,4.0444,5.196485675666764,0.0,121.0,141.0,5.0,27.15301438273495,42.25328376756177
2024-12-21 17:25:05,14.4918,5.008579564535347,132.0,140.0,170.0,46.0,27.15301438273495,42.25328376756177
2024-12-23 17:23:33,8.056,5.0169645812644825,64.0,144.0,161.0,35.0,27.062027851244462,37.637814249608915
2024-12-24 20:48:57,3.225,5.2661498708010335,18.0,130.0,144.0,4.0,27.24879494730615,37.28666287663208
2024-12-24 21:11:07,1.6577,16.438438800748024,72.0,155.0,177.0,11.0,27.24879494730615,37.28666287663208
2024-12-24 21:38:59,0.82,5.386178861788618,3.0,132.0,143.0,2.0,27.24879494730615,37.28666287663208
2024-12-25 18:05:49,8.8803,4.9641716308382975,64.0,146.0,165.0,48.0,27.00765808834902,34.58605970743479
2024-12-26 03:55:35,8.1322,4.5518637842978125,0.0,132.0,145.0,12.0,27.50157248674959,36.37175161180674
2024-12-26 04:38:45,0.7292000000000001,14.307917352349605,0.0,123.0,161.0,4.0,27.50157248674959,36.37175161180674
2024-12-26 20:36:17,9.657,5.084394739567154,97.0,132.0,160.0,20.0,27.50157248674959,36.37175161180674
2024-12-27 02:22:05,4.833,5.165873508517828,0.0,138.0,150.0,13.0,27.701526152244544,36.32226325647177
2024-12-27 18:46:43,9.661100000000001,4.147215810483968,0.0,138.0,161.0,24.0,27.701526152244544,36.32226325647177
2024-12-27 19:34:34,1.63,5.112474437627813,0.0,123.0,130.0,1.0,27.701526152244544,36.32226325647177
2024-12-28 02:08:23,4.0284,5.254360705656505,0.0,120.0,130.0,4.0,27.94383187193821,36.54560709543654
2024-12-28 18:26:11,16.095,5.01294397846122,133.0,142.0,161.0,69.0,27.94383187193821,36.54560709543654
2024-12-30 17:53:25,9.652,4.979969609062026,77.0,142.0,175.0,37.0,28.32151401904169,35.887438181139
2024-12-31 18:35:59,4.86,5.168038408779149,0.0,125.0,143.0,7.0,28.525704156585793,36.03554474712353
2024-12-31 23:50:16,9.6575,4.44214341185607,59.0,148.0,164.0,52.0,28.525704156585793,36.03554474712353
2025-01-01 01:00:23,0.786,13.804071246819337,13.0,121.0,153.0,0.0,29.242712938241883,39.09262126147942
2025-01-01 01:14:00,0.4955,7.769929364278507,0.0,117.0,126.0,0.0,29.242712938241883,39.09262126147942
2025-01-01 16:58:49,12.884,4.825106074717996,111.0,142.0,160.0,51.0,29.242712938241883,39.09262126147942
2025-01-02 17:00:12,8.0688,4.771465397580806,91.0,137.0,158.0,21.0,29.75462520582802,40.67775652762131
2025-01-03 00:16:26,4.8285,5.388146767457112,58.0,124.0,150.0,7.0,29.54864364074313,38.05821225045979
2025-01-03 17:20:37,3.3118000000000003,4.529259013225436,0.0,131.0,137.0,3.0,29.54864364074313,38.05821225045979
2025-01-03 17:51:38,3.5610999999999997,3.8939279061713146,2.0,157.0,174.0,24.0,29.54864364074313,38.05821225045979
2025-01-03 18:22:23,3.2226,5.373507933552618,0.0,137.0,145.0,9.0,29.54864364074313,38.05821225045979
2025-01-04 00:59:38,6.7245,5.316380400029742,69.0,120.0,146.0,8.0,29.865131368116067,38.716073414667406
2025-01-04 14:14:51,17.707,4.8935449257355845,78.0,136.0,176.0,45.0,29.865131368116067,38.716073414667406
2025-01-06 13:42:54,10.079,4.302675529979826,106.0,172.0,181.0,140.0,29.69397260159504,35.210482201927775
2025-01-06 14:44:22,1.059,7.979225684608121,0.0,157.0,179.0,15.0,29.69397260159504,35.210482201927775
2025-01-07 15:15:40,3.2239,4.6837681069512085,5.0,154.0,173.0,23.0,32.6422120785873,51.157114399120154
2025-01-07 15:48:10,7.4065,4.334030918787551,34.0,162.0,173.0,61.0,32.6422120785873,51.157114399120154
2025-01-07 16:24:12,2.3995,5.431687157046606,9.0,130.0,146.0,4.0,32.6422120785873,51.157114399120154
2025-01-07 22:05:05,4.954,5.265105638541246,41.0,127.0,151.0,7.0,32.6422120785873,51.157114399120154
2025-01-08 15:27:31,14.570799999999998,4.741217595007367,123.0,148.0,181.0,81.0,34.109385652475254,56.9935714113218
2025-01-09 16:40:02,7.3081000000000005,5.174623591175089,84.0,124.0,153.0,10.0,35.21264271991264,60.18935760454393
2025-01-11 14:19:10,17.7,4.604519774011299,80.0,138.0,161.0,49.0,33.80489492326356,46.384941591352
2025-01-13 14:27:16,9.6575,4.286823712140823,66.0,147.0,164.0,44.0,33.35862622691702,40.511860073594335
2025-01-13 15:19:48,1.2025,4.365904365904366,0.0,151.0,174.0,8.0,33.35862622691702,40.511860073594335
2025-01-13 22:34:55,5.2732,5.003287061619763,73.0,129.0,161.0,7.0,33.35862622691702,40.511860073594335
2025-01-14 14:24:06,2.7761,4.670821175990298,0.0,135.0,143.0,5.0,33.961924503717064,42.97304009030998
2025-01-14 14:55:22,5.6016,4.998571836618109,0.0,138.0,156.0,19.0,33.961924503717064,42.97304009030998
2025-01-14 15:31:33,1.833,5.8283324240771055,0.0,145.0,160.0,10.0,33.961924503717064,42.97304009030998
2025-01-14 22:19:39,5.9595,5.11228570629527,38.0,137.0,157.0,19.0,33.961924503717064,42.97304009030998
2025-01-15 22:47:00,7.2745,4.960249272573144,74.0,126.0,163.0,10.0,34.409858309531856,44.30785005260864
2025-01-16 14:26:51,4.377,5.121468281166705,22.0,119.0,145.0,5.0,33.83553551445085,39.74071699854954
2025-01-16 23:25:18,4.01,4.991687448046551,19.0,156.0,175.0,34.0,33.83553551445085,39.74071699854954
2025-01-16 23:58:51,0.4073,10.066290203780996,0.0,117.0,149.0,1.0,33.83553551445085,39.74071699854954
2025-01-17 15:59:52,1.6129,5.797011594023187,7.0,116.0,129.0,1.0,33.980574966487964,39.775233296261696
2025-01-17 19:52:46,2.972,5.041498429789143,24.0,141.0,167.0,11.0,33.980574966487964,39.775233296261696
2025-01-18 00:09:45,2.9823000000000004,5.035263610859627,0.0,133.0,146.0,4.0,33.463409111112576,36.077735904934656
2025-01-18 17:12:04,14.4925,4.926686217008798,126.0,131.0,152.0,23.0,33.463409111112576,36.077735904934656
2025-01-20 20:10:11,3.2305,4.710313161017386,5.0,136.0,145.0,7.0,32.52757644489936,30.227415698347528
2025-01-20 20:38:02,6.447,3.5468693449149478,20.0,164.0,170.0,55.0,32.52757644489936,30.227415698347528
2025-01-20 21:01:51,3.224,4.859387923904053,22.0,136.0,151.0,7.0,32.52757644489936,30.227415698347528
2025-01-21 17:21:16,3.6344000000000003,5.310367598503191,25.0,150.0,177.0,25.0,33.38571105485587,35.38890355269665
2025-01-21 23:18:25,9.286,4.968052265058511,54.0,131.0,156.0,17.0,33.38571105485587,35.38890355269665
2025-01-22 14:20:09,3.226,5.073362264930771,0.0,135.0,146.0,5.0,33.58839074442533,36.268986596715784
2025-01-22 14:53:21,4.8383,4.374814845434691,0.0,149.0,171.0,26.0,33.58839074442533,36.268986596715784
2025-01-22 15:21:14,3.223,4.959147791912297,0.0,139.0,145.0,9.0,33.58839074442533,36.268986596715784
2025-01-22 23:42:05,6.44,5.238095238095238,29.0,148.0,179.0,40.0,33.58839074442533,36.268986596715784
2025-01-23 23:25:41,8.0982,4.887917479604521,58.0,137.0,174.0,20.0,34.68037762996414,42.09055094701394
2025-01-24 13:32:48,3.224,4.719809760132341,0.0,126.0,133.0,3.0,34.33497310502295,39.14981040927183
2025-01-24 14:09:31,5.226,5.214313050133946,44.0,144.0,174.0,28.0,34.33497310502295,39.14981040927183
2025-01-24 14:41:37,1.8720999999999999,5.3415950002670805,0.0,130.0,141.0,2.0,34.33497310502295,39.14981040927183
2025-01-24 23:01:53,7.2641,4.905402366891058,62.0,125.0,143.0,8.0,34.33497310502295,39.14981040927183
2025-01-25 14:17:14,17.707,4.932136066715611,76.0,130.0,150.0,27.0,34.49178994627919,39.39611153344992
2025-01-30 23:57:14,4.8315,5.343406119562593,25.0,126.0,152.0,7.0,31.198176794067162,21.315802306347653
2025-01-31 23:40:17,9.6943,4.676287440385932,59.0,146.0,164.0,48.0,30.628834508011934,19.41005263656546
2025-02-01 23:57:22,2.747,4.902317679893217,43.0,134.0,152.0,6.0,31.037548732923167,23.216006475617625
2025-02-02 00:16:24,5.530600000000001,5.077809520365481,30.0,152.0,173.0,37.0,30.44845744087522,20.924175535668933
2025-02-02 00:46:02,3.0723000000000003,5.647234970543241,4.0,125.0,138.0,4.0,30.44845744087522,20.924175535668933
2025-02-02 16:57:58,10.65,4.884194053208137,71.0,137.0,151.0,28.0,30.44845744087522,20.924175535668933
2025-02-03 13:54:47,8.8004,4.314197839492144,59.0,143.0,162.0,31.0,31.355510214245687,27.324130259602285
2025-02-03 14:49:33,1.745,5.358166189111747,51.0,152.0,171.0,14.0,31.355510214245687,27.324130259602285
2025-02-04 00:04:49,5.7046,5.279365190664843,57.0,137.0,158.0,16.0,31.67654204539518,29.677179163186242
2025-02-04 13:13:27,3.212,4.882731423827314,15.0,130.0,143.0,4.0,31.67654204539518,29.677179163186242
2025-02-04 13:47:40,8.096,3.845520421607378,32.0,159.0,167.0,58.0,31.67654204539518,29.677179163186242
2025-02-04 14:27:41,1.6127,5.684049523573303,3.0,129.0,138.0,2.0,31.67654204539518,29.677179163186242
2025-02-04 22:32:19,2.24,4.6205357142857135,2.0,142.0,150.0,9.0,31.67654204539518,29.677179163186242
2025-02-04 23:05:35,3.676,3.3324265505984765,0.0,160.0,172.0,24.0,31.67654204539518,29.677179163186242
2025-02-04 23:28:17,1.62,5.061728395061728,0.0,135.0,148.0,4.0,31.67654204539518,29.677179163186242
2025-02-06 00:27:24,4.8365,5.368896240394224,29.0,128.0,156.0,10.0,32.89153000273458,35.80359724462428
2025-02-06 13:49:59,3.2273,4.730476456067508,0.0,131.0,141.0,4.0,32.89153000273458,35.80359724462428
2025-02-06 14:22:30,4.046,3.9668808699950566,0.0,150.0,175.0,21.0,32.89153000273458,35.80359724462428
2025-02-06 15:02:02,1.613,6.364951436247159,0.0,121.0,130.0,2.0,32.89153000273458,35.80359724462428
2025-02-07 00:05:39,4.0495,5.375149195373914,23.0,140.0,170.0,18.0,32.98819537221009,35.96286489216456
2025-02-07 14:34:34,0.4777,7.954783336822273,0.0,117.0,149.0,1.0,32.98819537221009,35.96286489216456
2025-02-07 15:01:38,4.8419,4.9119835877100595,48.0,125.0,144.0,6.0,32.98819537221009,35.96286489216456
2025-02-07 23:35:22,6.449,5.065384814183077,43.0,127.0,149.0,10.0,32.98819537221009,35.96286489216456
2025-02-08 15:05:38,17.722,4.658992589248768,96.0,140.0,170.0,59.0,33.0355297418872,35.8346862954628
2025-02-10 14:01:23,9.671,4.430772412366871,70.0,142.0,171.0,34.0,32.85478618750742,33.73758884933528
2025-02-10 14:58:17,0.6477999999999999,3.8334877019656277,6.0,136.0,170.0,1.0,32.85478618750742,33.73758884933528
2025-02-11 14:02:03,3.234,4.926819212533498,0.0,137.0,148.0,8.0,32.90525945028568,33.90564367309056
2025-02-11 14:33:42,4.8024,4.882975179077128,0.0,144.0,182.0,24.0,32.90525945028568,33.90564367309056
2025-02-11 15:06:45,3.232,5.254744224422442,3.0,138.0,148.0,10.0,32.90525945028568,33.90564367309056
2025-02-12 00:19:18,4.851,5.421562564419707,26.0,121.0,141.0,5.0,33.11924335575591,34.98318138749915
2025-02-12 14:12:16,8.0663,4.975432767605139,80.0,127.0,152.0,12.0,33.11924335575591,34.98318138749915
2025-02-12 15:03:04,1.052,2.88339670468948,23.0,116.0,152.0,0.0,33.11924335575591,34.98318138749915
2025-02-13 15:32:26,6.452,5.241268857201902,71.0,119.0,135.0,7.0,32.73998474715294,32.58922251202182
2025-02-13 23:33:01,5.558,5.277677821758426,73.0,121.0,141.0,6.0,32.73998474715294,32.58922251202182
2025-02-14 19:03:19,5.673,4.7711381397261885,74.0,135.0,152.0,12.0,32.275536200541985,29.981464068960452
2025-02-14 20:07:53,0.818,3.6267318663406685,10.0,152.0,179.0,5.0,32.275536200541985,29.981464068960452
2025-02-15 13:55:38,1.6142999999999998,6.1017159140184605,0.0,111.0,127.0,1.0,31.91612859826063,28.253344307782882
2025-02-15 18:04:19,3.222,4.8313676805296915,30.0,135.0,152.0,6.0,31.91612859826063,28.253344307782882
2025-02-15 19:32:05,1.907,5.331235797937423,17.0,157.0,173.0,18.0,31.91612859826063,28.253344307782882
2025-02-15 20:10:33,6.503,5.205289866215593,53.0,161.0,178.0,69.0,31.91612859826063,28.253344307782882
2025-02-16 15:38:05,9.785,5.166070516096065,54.0,130.0,163.0,17.0,33.37685737844259,37.0056771979325
2025-02-18 14:12:57,9.6616,4.291904722475229,68.0,158.0,183.0,77.0,32.21530231317529,29.77073644259337
2025-02-18 15:02:55,0.9755,3.2632837860926016,13.0,144.0,180.0,3.0,32.21530231317529,29.77073644259337
2025-02-19 14:19:52,3.2228000000000003,4.685366761822017,2.0,139.0,151.0,9.0,33.33959565357873,36.457361501357006
2025-02-19 14:56:02,2.323,7.748600947051227,0.0,162.0,192.0,18.0,33.33959565357873,36.457361501357006
2025-02-19 15:29:17,1.609,5.686761963952766,5.0,136.0,143.0,4.0,33.33959565357873,36.457361501357006
2025-02-20 16:31:52,5.0036000000000005,5.019719135555733,48.0,131.0,154.0,7.0,33.28454891393428,35.73086607647386
2025-02-20 23:49:31,8.078,4.972352892630189,73.0,132.0,175.0,17.0,33.28454891393428,35.73086607647386
2025-02-21 15:20:15,3.215,4.603421461897357,0.0,129.0,135.0,3.0,33.06609913779466,34.16922854662431
2025-02-21 15:56:48,2.7864,5.150014355440712,3.0,149.0,181.0,19.0,33.06609913779466,34.16922854662431
2025-02-21 16:16:55,3.2233,5.760142297231615,2.0,123.0,136.0,4.0,33.06609913779466,34.16922854662431
2025-02-22 23:27:56,11.300600000000001,4.951064545245385,97.0,163.0,173.0,125.0,32.899845743134314,33.08172368507691
2025-02-24 14:17:46,3.224,4.823200992555831,0.0,134.0,150.0,7.0,34.2417442079155,39.285239999488134
2025-02-24 14:48:42,2.484,4.327697262479871,3.0,136.0,169.0,6.0,34.2417442079155,39.285239999488134
2025-02-24 15:14:33,3.227,5.056295837206901,2.0,144.0,155.0,16.0,34.2417442079155,39.285239999488134
2025-02-25 00:24:31,4.0630999999999995,5.135651760150297,24.0,128.0,152.0,5.0,34.11841480770288,37.91604724918283
2025-02-25 21:48:41,3.624,5.219830757910228,40.0,126.0,148.0,5.0,34.11841480770288,37.91604724918283
2025-02-26 20:14:18,5.645,5.01623855919693,21.0,137.0,147.0,14.0,33.55094918665607,34.19980440869845
2025-02-26 21:01:48,0.5682999999999999,5.5721743210745505,0.0,146.0,172.0,3.0,33.55094918665607,34.19980440869845
2025-02-27 19:29:54,1.687,6.164789567279194,10.0,146.0,175.0,16.0,33.161533267989626,31.910130321926424
2025-02-28 00:32:59,2.8416,5.278716216216216,5.0,130.0,140.0,3.0,32.757751335732415,29.792140358223257
2025-02-28 01:56:21,1.54,6.4935064935064934,0.0,122.0,135.0,2.0,32.757751335732415,29.792140358223257
2025-02-28 17:49:00,1.704,5.829420970266041,13.0,122.0,141.0,2.0,32.757751335732415,29.792140358223257
2025-02-28 21:25:18,3.123,4.808410716191696,4.0,133.0,142.0,4.0,32.757751335732415,29.792140358223257
2025-02-28 22:54:19,1.408,5.6581439393939394,4.0,128.0,141.0,2.0,32.757751335732415,29.792140358223257
2025-03-01 16:12:23,8.0815,4.953700839365629,52.0,130.0,161.0,13.0,32.292884771258244,27.55673536604684
2025-03-04 00:28:03,7.2668,5.103117373993138,66.0,135.0,152.0,15.0,30.358347336472306,19.252030777565256
2025-03-04 14:05:38,8.052,4.9325219407186625,87.0,137.0,180.0,24.0,30.358347336472306,19.252030777565256
2025-03-05 14:50:38,9.666,4.20201393199531,76.0,152.0,169.0,53.0,30.561670848182263,21.880921916124542
2025-03-05 15:41:38,1.6135,6.579898770788143,47.0,154.0,175.0,12.0,30.561670848182263,21.880921916124542
2025-03-05 21:23:47,5.005,5.088245088245088,25.0,140.0,175.0,15.0,30.561670848182263,21.880921916124542
2025-03-06 13:30:59,3.2913,4.658746797111577,14.0,145.0,163.0,15.0,31.724871347855768,29.617855655233235
2025-03-06 14:01:16,6.447100000000001,3.7226039614710484,52.0,159.0,170.0,46.0,31.724871347855768,29.617855655233235
2025-03-06 14:35:20,1.619,5.178093473337451,7.0,135.0,146.0,3.0,31.724871347855768,29.617855655233235
2025-03-06 22:05:35,2.109,4.907539118065434,4.0,133.0,141.0,3.0,31.724871347855768,29.617855655233235
2025-03-06 22:36:29,4.8911999999999995,3.6971159088430925,5.0,161.0,179.0,37.0,31.724871347855768,29.617855655233235
2025-03-06 23:08:24,2.11,8.712480252764614,11.0,138.0,146.0,5.0,31.724871347855768,29.617855655233235
2025-03-07 14:24:42,6.472300000000001,5.036849342583007,70.0,127.0,148.0,9.0,33.54302478877163,40.185373432742836
2025-03-08 00:11:20,4.4346000000000005,5.190246395766622,27.0,126.0,149.0,6.0,32.96556881103965,36.03391102430122
2025-03-09 14:59:41,17.7223,4.878035018028134,131.0,134.0,175.0,40.0,32.331114458453015,32.035733710030065
2025-03-10 13:39:53,9.7422,4.323116612948478,66.0,138.0,173.0,26.0,32.511550400502614,33.09595356549969
2025-03-10 14:40:04,0.999,2.9029029029029028,16.0,135.0,171.0,1.0,32.511550400502614,33.09595356549969
2025-03-11 12:43:34,3.2229,4.959301664132717,0.0,120.0,133.0,3.0,32.381872915647634,32.284447423835005
2025-03-11 13:22:47,7.1849,4.335481356734262,0.0,144.0,180.0,29.0,32.381872915647634,32.284447423835005
2025-03-11 14:18:43,1.6159000000000001,5.652164944200342,2.0,127.0,140.0,2.0,32.381872915647634,32.284447423835005
2025-03-11 21:46:13,5.6724,5.409233011306208,61.0,130.0,157.0,8.0,32.381872915647634,32.284447423835005
2025-03-12 13:16:23,11.613,5.011624903125807,51.0,135.0,173.0,26.0,32.60817122350682,33.57780218786162
2025-03-13 00:03:51,4.970899999999999,5.4383176755383005,37.0,143.0,172.0,25.0,32.452692100304525,32.56902924533581
2025-03-13 12:42:49,3.228,4.879182156133829,0.0,121.0,138.0,3.0,32.452692100304525,32.56902924533581
2025-03-13 13:20:08,6.1798,5.234797242629211,68.0,136.0,171.0,22.0,32.452692100304525,32.56902924533581
2025-03-13 13:59:02,2.023,5.577525127698138,4.0,136.0,145.0,5.0,32.452692100304525,32.56902924533581
2025-03-14 14:07:18,8.0875,5.298299845440495,70.0,121.0,154.0,11.0,32.98319222571691,35.55508718283896
2025-03-14 20:24:43,6.445399999999999,4.856176497967543,25.0,122.0,134.0,7.0,32.98319222571691,35.55508718283896
2025-03-17 14:26:18,9.66,4.261559696342305,67.0,172.0,180.0,136.0,31.113237789518276,24.96266072461927
2025-03-18 15:33:10,3.223,4.72127417519909,0.0,135.0,150.0,8.0,33.58104639683814,39.7441845351096
2025-03-18 16:05:21,4.971,4.234560450613559,9.0,154.0,182.0,33.0,33.58104639683814,39.7441845351096
2025-03-18 16:50:03,1.6122999999999998,5.2926461163141685,6.0,143.0,155.0,7.0,33.58104639683814,39.7441845351096
2025-03-19 00:19:23,6.498,5.306761054683492,65.0,132.0,161.0,12.0,33.9203000553601,40.843216029070746
2025-03-19 23:38:31,6.4395,5.067681238191371,61.0,129.0,145.0,9.0,33.9203000553601,40.843216029070746
2025-03-20 15:10:26,3.241,4.653913401213617,27.0,134.0,148.0,6.0,33.61630718711055,38.201645435569986
2025-03-20 15:40:01,7.865,3.9563466836194108,52.0,157.0,172.0,52.0,33.61630718711055,38.201645435569986
2025-03-20 16:17:22,3.481,5.166139998084842,16.0,136.0,146.0,6.0,33.61630718711055,38.201645435569986
2025-03-21 00:16:25,4.8578,4.937077140543731,34.0,124.0,144.0,5.0,34.3311842322742,41.6359765781764
2025-03-21 13:23:20,6.4473,4.75392800086858,56.0,126.0,152.0,8.0,34.3311842322742,41.6359765781764
2025-03-21 21:47:54,4.85,4.945017182130584,34.0,125.0,149.0,6.0,34.3311842322742,41.6359765781764
2025-03-22 15:02:12,16.12,4.791149710504549,119.0,141.0,160.0,64.0,33.97046732566506,38.62262783488386
2025-03-24 13:04:14,3.213,4.642597779852681,0.0,125.0,143.0,4.0,33.86111998569282,36.40966664400604
2025-03-24 13:38:00,2.53,4.2687747035573125,3.0,163.0,178.0,23.0,33.86111998569282,36.40966664400604
2025-03-24 13:58:48,3.215,5.443234836702955,2.0,137.0,148.0,9.0,33.86111998569282,36.40966664400604
2025-03-25 00:14:38,5.794,4.887239673225176,66.0,138.0,175.0,18.0,33.91144422488269,36.35513095995366
2025-03-25 13:26:02,6.4425,4.827318587504851,45.0,125.0,148.0,7.0,33.91144422488269,36.35513095995366
2025-03-26 00:17:33,4.8717,5.326682677504773,31.0,124.0,151.0,8.0,33.7017729727786,34.843512077952894
2025-03-26 22:19:09,5.656,4.971122112211222,30.0,126.0,158.0,8.0,33.7017729727786,34.843512077952894
2025-03-26 23:01:03,0.6367999999999999,3.14070351758794,6.0,126.0,162.0,0.0,33.7017729727786,34.843512077952894
2025-03-27 19:09:46,1.679,5.916219972205678,3.0,117.0,145.0,2.0,33.28528011146421,32.33502417405298
2025-03-27 22:20:52,0.95,5.228070175438597,0.0,131.0,140.0,1.0,33.28528011146421,32.33502417405298
2025-03-27 22:48:44,1.919,5.2544728157026235,0.0,136.0,144.0,3.0,33.28528011146421,32.33502417405298
2025-03-28 00:15:12,0.763,5.460899956312801,0.0,127.0,142.0,1.0,32.643303491220365,28.82925044587331
2025-03-28 01:26:27,0.957,5.677464298153954,0.0,122.0,134.0,1.0,32.643303491220365,28.82925044587331
2025-03-28 02:01:24,0.038700000000000005,3.445305770887166,0.0,115.0,120.0,0.0,32.643303491220365,28.82925044587331
2025-03-28 02:03:05,2.842,3.3251231527093594,2.0,167.0,177.0,26.0,32.643303491220365,28.82925044587331
2025-03-28 02:40:28,1.6595,6.045997790499146,7.0,125.0,135.0,2.0,32.643303491220365,28.82925044587331
2025-03-28 21:01:03,4.835,5.070665287831782,24.0,123.0,144.0,5.0,32.643303491220365,28.82925044587331
2025-03-29 14:49:55,2.318,5.1840667241875185,0.0,129.0,136.0,3.0,32.6987525851445,29.650713586634286
2025-03-29 16:14:12,5.8243,5.165141447613161,45.0,152.0,173.0,41.0,32.6987525851445,29.650713586634286
2025-03-31 13:13:05,6.446,4.897093804943634,47.0,148.0,185.0,42.0,32.189049216814276,27.359464677529946
2025-03-31 13:53:29,1.6307,3.924694916293616,0.0,140.0,155.0,5.0,32.189049216814276,27.359464677529946
2025-03-31 14:10:22,1.1505999999999998,5.518859725360682,0.0,141.0,178.0,6.0,32.189049216814276,27.359464677529946
2025-04-01 00:36:57,5.3392,5.066302067725502,24.0,131.0,167.0,8.0,32.67869578790581,30.772786591186815
2025-04-01 12:58:42,3.2556,4.924847442355737,16.0,123.0,139.0,3.0,32.67869578790581,30.772786591186815
2025-04-01 13:26:58,9.1315,4.126740769132489,70.0,153.0,174.0,61.0,32.67869578790581,30.772786591186815
2025-04-01 14:15:53,1.2322,5.275117675701996,5.0,132.0,141.0,1.0,32.67869578790581,30.772786591186815
2025-04-01 21:38:58,1.6415,4.87359122753579,7.0,116.0,128.0,1.0,32.67869578790581,30.772786591186815
2025-04-01 22:05:41,4.829,4.048457237523297,3.0,163.0,173.0,43.0,32.67869578790581,30.772786591186815
2025-04-01 22:45:06,1.291,5.125225923057061,3.0,136.0,146.0,3.0,32.67869578790581,30.772786591186815
2025-04-02 13:04:15,11.269,5.018191498802023,121.0,134.0,158.0,23.0,34.73321879534275,42.65090063960679
2025-04-03 14:55:39,4.8372,5.223407480911822,25.0,157.0,173.0,45.0,34.457155946948134,40.03493147466183
2025-04-04 14:26:21,6.4432,5.002690174654417,39.0,170.0,183.0,100.0,34.70521128540487,40.69589182463912
2025-04-04 15:15:23,0.469,3.5891968727789627,2.0,129.0,180.0,1.0,34.70521128540487,40.69589182463912
2025-04-05 12:16:14,1.693,5.552274069698759,0.0,127.0,144.0,2.0,36.26501584760519,48.7237013586354
2025-04-05 17:59:56,2.96,4.943693693693693,7.0,138.0,152.0,8.0,36.26501584760519,48.7237013586354
2025-04-05 19:40:32,0.9706,4.447420839343361,0.0,120.0,130.0,0.0,36.26501584760519,48.7237013586354
2025-04-07 13:22:37,8.062,4.506739436037377,94.0,131.0,153.0,11.0,34.80832949586699,37.76876127234492
2025-04-07 14:22:15,1.6535,4.092329402277996,6.0,150.0,168.0,9.0,34.80832949586699,37.76876127234492
2025-04-08 00:46:10,4.956,5.188996502555824,57.0,119.0,143.0,5.0,34.4599144793314,35.40334645293272
2025-04-08 12:36:29,3.16,5.0474683544303796,0.0,146.0,155.0,18.0,34.4599144793314,35.40334645293272
2025-04-08 13:07:58,7.472600000000001,5.868104809570966,7.0,150.0,184.0,39.0,34.4599144793314,35.40334645293272
2025-04-08 14:03:10,3.2254,5.968251999751969,13.0,131.0,142.0,5.0,34.4599144793314,35.40334645293272
2025-04-09 00:52:42,5.502,5.264752211317097,52.0,125.0,151.0,11.0,35.2255278078245,39.609559333984194
2025-04-09 21:18:47,8.050600000000001,5.357778716286156,104.0,121.0,137.0,9.0,35.2255278078245,39.609559333984194
2025-04-10 12:31:35,3.2222,4.944861688701302,13.0,123.0,138.0,3.0,34.86729681867702,36.99909361047079
2025-04-10 13:02:27,7.555,3.9466137215971764,56.0,152.0,173.0,44.0,34.86729681867702,36.99909361047079
2025-04-10 13:40:18,2.2047,5.624347983852679,14.0,129.0,138.0,3.0,34.86729681867702,36.99909361047079
2025-04-11 01:05:17,3.3298,5.570905159469037,36.0,120.0,141.0,4.0,35.22334380092578,38.7298015741962
2025-04-11 18:56:33,5.013,5.020280603763548,77.0,133.0,154.0,9.0,35.22334380092578,38.7298015741962
2025-04-12 00:53:14,4.855,5.585307243391692,60.0,123.0,145.0,6.0,34.70046600434267,35.30459634962812
2025-04-12 14:36:39,15.318,4.921225573399487,164.0,132.0,158.0,29.0,34.70046600434267,35.30459634962812
2025-04-14 13:20:36,6.454,4.7954756740006195,58.0,130.0,154.0,10.0,33.89090428010015,30.56962373155551
2025-04-15 23:59:15,6.448,4.771505376344086,41.0,133.0,156.0,11.0,33.328791598036695,27.83135221906233
2025-04-16 00:37:43,0.4963,3.3581838941500437,13.0,136.0,159.0,0.0,32.80343279264133,25.590727261616312
2025-04-16 20:34:41,1.644,5.60624493106245,5.0,121.0,133.0,2.0,32.80343279264133,25.590727261616312
2025-04-17 01:27:40,3.2407,4.803488958146903,22.0,135.0,148.0,6.0,32.0786799737095,22.4502801021293
2025-04-17 02:55:49,3.2225,5.575381432635117,35.0,136.0,151.0,8.0,32.0786799737095,22.4502801021293
2025-04-17 20:10:04,2.92,5.142694063926941,14.0,145.0,173.0,16.0,32.0786799737095,22.4502801021293
2025-04-18 01:59:39,2.27,5.293685756240823,14.0,120.0,130.0,2.0,32.02977213993835,23.455314671231694
2025-04-18 02:21:01,0.541,3.388786198398028,10.0,124.0,168.0,0.0,32.02977213993835,23.455314671231694
2025-04-18 20:25:31,1.7534,5.760237253336375,15.0,121.0,148.0,2.0,32.02977213993835,23.455314671231694
2025-04-19 01:20:00,3.099,4.845649134129289,18.0,133.0,143.0,4.0,31.37027887796366,20.865382321176227
2025-04-19 02:40:21,5.064,5.924170616113744,18.0,122.0,141.0,6.0,31.37027887796366,20.865382321176227
2025-04-21 00:06:10,5.662100000000001,5.0629036341051314,81.0,132.0,149.0,8.0,30.141212700602953,16.83386709244739
2025-04-21 13:17:47,6.4596,4.775837513158709,71.0,130.0,145.0,9.0,30.141212700602953,16.83386709244739
2025-04-21 14:10:37,3.2321,4.444994482431443,2.0,150.0,174.0,20.0,30.141212700602953,16.83386709244739
2025-04-22 00:20:06,4.848199999999999,5.2356200926804455,36.0,129.0,161.0,7.0,30.30258839736878,19.518425059017773
2025-04-22 13:24:06,4.8331,4.889891236128641,54.0,126.0,155.0,9.0,30.30258839736878,19.518425059017773
2025-04-24 00:52:29,6.441,5.144128758474357,62.0,128.0,144.0,8.0,29.26102146956364,16.51406293524183
2025-04-24 01:37:54,0.5237,3.214308446311501,8.0,132.0,151.0,0.0,29.26102146956364,16.51406293524183
2025-04-24 20:12:43,1.7310999999999999,5.921090636011785,11.0,118.0,136.0,2.0,29.26102146956364,16.51406293524183
2025-04-25 00:39:28,3.2136,4.641730976682433,16.0,140.0,151.0,9.0,28.80784212102988,15.646897196142943
2025-04-25 02:07:28,4.837,6.140169526566053,42.0,126.0,148.0,7.0,28.80784212102988,15.646897196142943
2025-04-27 00:19:53,14.4939,4.735325435758032,174.0,145.0,164.0,71.0,27.835785446825817,13.604697656783111
2025-04-28 14:01:42,5.941,4.7522863715423895,75.0,134.0,169.0,16.0,28.8513666122427,21.24528084918547
2025-04-28 14:52:56,0.848,3.911163522012579,7.0,114.0,120.0,0.0,28.8513666122427,21.24528084918547
2025-04-28 15:00:23,1.406,8.214793741109531,20.0,133.0,168.0,8.0,28.8513666122427,21.24528084918547
2025-04-29 15:45:31,3.2249,4.594457709282976,2.0,147.0,157.0,17.0,28.737222138425008,21.611994848140295
2025-04-29 16:19:48,4.1633000000000004,5.048078847708948,5.0,154.0,175.0,27.0,28.737222138425008,21.611994848140295
2025-04-29 16:45:21,1.6148,5.263809759722566,7.0,150.0,159.0,12.0,28.737222138425008,21.611994848140295
2025-04-30 15:13:20,6.157,4.875209788316821,57.0,136.0,154.0,14.0,29.37866931868243,26.189798317357436
2025-05-01 01:04:31,5.0116000000000005,5.03165988240615,32.0,128.0,161.0,7.0,29.016835168080938,24.567066763729112
2025-05-02 01:07:51,4.866,5.192492122208522,27.0,123.0,155.0,6.0,28.49881617132042,22.228501940912714
2025-05-02 11:22:46,1.653,5.858035894333535,6.0,114.0,126.0,1.0,28.49881617132042,22.228501940912714
2025-05-02 16:21:22,3.0305999999999997,4.955014408587959,0.0,135.0,142.0,4.0,28.49881617132042,22.228501940912714
2025-05-02 17:33:12,3.222,5.4624456859093735,48.0,131.0,141.0,4.0,28.49881617132042,22.228501940912714
2025-05-03 23:53:15,3.6715999999999998,5.043214584014235,65.0,147.0,154.0,20.0,28.181211794617827,21.266228580878526
2025-05-06 19:24:34,3.176,4.61272040302267,13.0,146.0,160.0,16.0,26.687160891513745,15.854416614852113
2025-05-06 19:57:50,2.521,3.6361232315218825,4.0,165.0,181.0,22.0,26.687160891513745,15.854416614852113
2025-05-06 20:32:00,1.7124000000000001,5.839757066106049,26.0,144.0,155.0,9.0,26.687160891513745,15.854416614852113
2025-05-07 00:40:04,4.062,5.313474478910225,37.0,135.0,152.0,8.0,27.16508773504078,20.00058208858885
2025-05-07 15:37:58,6.463,5.082778895249884,82.0,136.0,152.0,15.0,27.16508773504078,20.00058208858885
2025-05-08 11:08:57,4.291399999999999,4.854670581473024,31.0,124.0,135.0,4.0,27.06709024568984,20.399870900482824
2025-05-08 21:31:06,7.113,5.265007732321102,74.0,123.0,135.0,8.0,27.06709024568984,20.399870900482824
2025-05-10 16:36:56,4.8383,5.015535759805441,51.0,126.0,138.0,5.0,26.084084907293363,16.714847043478876
2025-05-10 22:06:29,5.1517,5.493332298076363,78.0,158.0,177.0,35.0,26.084084907293363,16.714847043478876
2025-05-11 17:13:50,14.498,4.545454545454546,143.0,137.0,167.0,40.0,26.411502918115342,19.814615509689236
2025-05-13 14:49:17,10.1314,5.058530903922459,97.0,128.0,153.0,14.0,26.102276877749127,19.50625789354467
2025-05-14 23:21:40,6.496,4.8953201970443345,33.0,124.0,156.0,9.0,25.817530715148134,18.77325327823886
2025-05-15 15:16:59,2.4268,5.1576836437558375,10.0,115.0,133.0,2.0,25.421842582746606,17.47221727556628
2025-05-15 15:49:54,3.565,6.390836839644694,6.0,142.0,180.0,11.0,25.421842582746606,17.47221727556628
2025-05-15 16:17:40,2.5133,5.364792636507115,34.0,131.0,145.0,4.0,25.421842582746606,17.47221727556628
2025-05-15 22:14:42,3.222,4.94516863231947,8.0,119.0,132.0,3.0,25.421842582746606,17.47221727556628
2025-05-16 19:04:08,6.4411000000000005,4.8671810715561,47.0,121.0,145.0,7.0,25.294275771537535,17.808721020818105
2025-05-16 19:48:30,0.6461,3.2502708559046587,10.0,146.0,173.0,2.0,25.294275771537535,17.808721020818105
2025-05-17 23:27:07,3.4160999999999997,4.766644223920066,40.0,140.0,152.0,10.0,24.91089894541004,16.636085578012075
2025-05-18 00:31:27,3.048,5.309492563429571,37.0,141.0,157.0,12.0,24.560070642725698,15.752675928429577
2025-05-18 01:28:34,0.374,6.639928698752228,2.0,114.0,126.0,0.0,24.560070642725698,15.752675928429577
2025-05-18 22:10:49,9.0366,5.0295465108558535,114.0,128.0,165.0,14.0,24.560070642725698,15.752675928429577
2025-05-18 23:16:15,0.666,4.654654654654655,5.0,125.0,140.0,0.0,24.560070642725698,15.752675928429577
2025-05-20 23:20:37,3.2355,5.094524287848349,11.0,129.0,144.0,5.0,24.015295595621954,14.838194038935764
2025-05-21 13:43:18,0.6642,6.022282445046673,0.0,110.0,117.0,0.0,23.56789776244794,13.528512985807392
2025-05-21 20:15:12,6.608,4.376008878127522,5.0,147.0,173.0,33.0,23.56789776244794,13.528512985807392
2025-05-24 23:42:17,8.0517,5.230779421323033,0.0,122.0,135.0,9.0,22.68352018175698,12.114263522230617
2025-05-26 14:21:57,8.0678,4.976573539254815,0.0,126.0,139.0,10.0,21.83544000457789,10.142199419360603
2025-06-05 04:50:28,4.833,4.993447823987861,0.0,128.0,158.0,7.0,17.399014724183825,2.7986087045268295
2025-06-07 02:17:43,7.252,5.010112152969296,63.0,142.0,166.0,30.0,16.750730679343466,2.9108951403790244
2025-06-08 16:59:11,8.053600000000001,4.68320585411079,19.0,154.0,164.0,62.0,17.062463639548692,6.517053673179331
2025-06-12 03:06:02,7.254,5.036301810495359,79.0,141.0,165.0,28.0,16.870641632538547,9.056996313785977
2025-06-13 02:41:00,5.665,4.88673139158576,33.0,137.0,158.0,17.0,17.132496663567657,11.57872874953484
2025-06-16 02:53:51,8.0551,5.04442320186383,83.0,135.0,161.0,10.0,16.332810944051918,9.243486148256629
2025-06-17 04:17:37,7.247,5.3102433190745595,0.0,125.0,153.0,8.0,16.183810583788162,9.344194861068786
2025-06-19 02:03:39,4.838,5.112305360341739,48.0,142.0,174.0,11.0,15.615011963793936,7.945155113563134
2025-06-21 02:04:12,7.2528999999999995,4.883104229572539,81.0,145.0,164.0,20.0,15.141588407172257,7.240010331227543
2025-06-22 03:00:31,4.833,5.186564590661424,0.0,123.0,135.0,5.0,15.255898637500682,8.938646955100516
2025-06-23 01:24:02,9.661,5.278956629748474,220.0,149.0,174.0,38.0,15.014594640694733,8.414326000294983
2025-06-24 01:44:25,6.7361,4.8692863823280526,61.0,135.0,155.0,8.0,15.555402460413674,12.35283306044216
2025-06-24 18:07:30,8.052,4.9408014571949,32.0,133.0,146.0,9.0,15.555402460413674,12.35283306044216
2025-06-25 18:56:07,8.3705,4.959878939927921,52.0,132.0,146.0,9.0,15.58939140398646,12.97147368364762
2025-06-26 18:33:25,7.095,5.654216584449143,139.0,135.0,163.0,12.0,15.434354138262451,12.442782765793567
2025-06-29 16:35:26,9.664,5.035871964679911,47.0,139.0,164.0,13.0,14.639562768460372,9.306173504542986
2025-06-30 09:00:17,6.4425,5.070495408097271,30.0,135.0,151.0,8.0,14.600986621890721,9.797903445576651
2025-07-02 08:54:32,9.665700000000001,5.064299533401615,47.0,133.0,158.0,12.0,14.105794136087267,8.286106812494124
2025-07-04 16:45:18,6.4456999999999995,4.788722197227092,51.0,138.0,156.0,8.0,13.725528536092321,7.611628397684518
2025-07-05 11:11:12,8.0517,5.234919333805283,0.0,130.0,152.0,11.0,13.590816506613619,7.663329241062142
2025-07-05 16:22:37,3.2237,5.666366804189802,0.0,128.0,139.0,3.0,13.590816506613619,7.663329241062142
2025-07-06 09:24:01,13.084,4.855803525934984,49.0,142.0,164.0,23.0,13.600443904062743,8.50688016108356
2025-07-07 15:54:24,8.0539,4.894109272112475,47.0,138.0,163.0,12.0,13.821599605217772,10.436234713212427
2025-07-08 11:23:17,4.8371,4.8272725393314175,37.0,142.0,159.0,9.0,13.778740438912058,10.644406432487347
2025-07-08 17:27:26,1.6465,5.5471201538617265,0.0,125.0,156.0,2.0,13.778740438912058,10.644406432487347
2025-07-08 17:44:22,3.8674,4.14145593077175,0.0,157.0,173.0,17.0,13.778740438912058,10.644406432487347
2025-07-08 18:07:52,1.6142999999999998,5.172520597162857,0.0,136.0,148.0,2.0,13.778740438912058,10.644406432487347
2025-07-10 07:53:09,8.0527,5.021090234745282,71.0,129.0,160.0,9.0,13.827229004506526,11.461047932525624
2025-07-10 17:19:26,3.228,5.054729450640231,2.0,126.0,140.0,3.0,13.827229004506526,11.461047932525624
2025-07-12 17:33:03,2.419,5.422350833677829,0.0,121.0,130.0,2.0,13.459917531407298,9.997524556239206
2025-07-12 17:52:35,5.1549,4.002664131861595,0.0,153.0,170.0,19.0,13.459917531407298,9.997524556239206
2025-07-12 18:18:21,2.2098,5.317223278124717,0.0,134.0,144.0,2.0,13.459917531407298,9.997524556239206
2025-07-13 08:43:43,14.538200000000002,4.969666120977837,47.0,139.0,161.0,22.0,13.684379581091788,11.728441395759333
2025-07-14 15:32:38,6.4408,4.820829710594957,35.0,135.0,161.0,7.0,13.880032103988864,13.095812849994944
2025-07-15 17:39:05,1.6304,5.12144259077527,0.0,136.0,157.0,3.0,13.718156552803588,12.284325440673786
2025-07-15 17:57:23,6.7642,4.1419039452805455,0.0,159.0,177.0,33.0,13.718156552803588,12.284325440673786
2025-07-15 18:33:56,1.6142999999999998,5.389332837762498,0.0,139.0,150.0,2.0,13.718156552803588,12.284325440673786
2025-07-16 10:22:35,6.551,4.836411743754134,124.0,140.0,169.0,13.0,14.2894673740904,15.707650047352114
2025-07-17 10:18:00,3.635,4.727189362677671,10.0,131.0,149.0,3.0,14.259128381661093,15.34720198630708
2025-07-17 10:50:31,6.347,4.004516569507904,53.0,163.0,175.0,35.0,14.259128381661093,15.34720198630708
2025-07-17 11:19:45,3.725,4.94407158836689,22.0,147.0,159.0,10.0,14.259128381661093,15.34720198630708
2025-07-18 10:38:44,16.101,4.7792062604807155,58.0,138.0,154.0,32.0,15.052994181723802,19.69401103692298
2025-07-20 16:40:31,6.762,4.934437543133195,66.0,139.0,163.0,16.0,15.088175531600218,18.49242151741835
2025-07-21 15:37:14,9.661299999999999,4.866494847139275,81.0,142.0,164.0,26.0,15.109629223410879,18.16062513031178
2025-07-22 15:55:03,6.4508,4.619582067340485,40.0,149.0,166.0,26.0,15.365861279515721,19.20421917761032
2025-07-23 01:58:07,5.6821,5.555457782627315,91.0,152.0,177.0,34.0,15.616064627514788,20.10888779352427
2025-07-23 16:24:37,9.741700000000002,4.84515023045259,93.0,149.0,165.0,44.0,15.616064627514788,20.10888779352427
2025-07-24 15:04:39,11.27,4.639160011830819,105.0,152.0,171.0,58.0,17.083853406824826,27.81547423624822
2025-07-24 16:09:33,0.798,3.4878863826232243,23.0,143.0,156.0,1.0,17.083853406824826,27.81547423624822
2025-07-25 02:25:17,4.833,4.821022139457893,0.0,117.0,126.0,4.0,18.070069638199556,31.96682380121343
2025-07-26 13:16:39,17.751,4.419469325671793,94.0,153.0,174.0,90.0,17.73902463092724,28.243821479479287
2025-07-27 16:39:12,9.7415,4.780235761090866,0.0,120.0,134.0,9.0,19.439203502225315,36.46493366753373
2025-07-28 17:24:26,9.668,4.811405323403669,105.0,143.0,160.0,27.0,19.193586651123958,32.80874401448969
2025-07-28 18:20:26,0.814,5.2620802620802625,28.0,143.0,155.0,2.0,19.193586651123958,32.80874401448969
2025-07-29 16:52:27,11.277,4.5963761047559935,93.0,147.0,168.0,39.0,19.42431501721394,32.301716011966896
2025-07-30 01:53:47,4.8385,5.149667596706969,60.0,136.0,159.0,9.0,19.884897867485904,33.193405644523594
2025-07-31 15:05:10,14.731200000000001,4.723534629448607,149.0,155.0,170.0,89.0,19.628794579701367,29.972728672928802
2025-07-31 16:36:26,0.594,3.367003367003367,12.0,138.0,160.0,0.0,19.628794579701367,29.972728672928802
2025-08-01 15:10:47,3.2222,4.95003413816647,16.0,135.0,154.0,4.0,21.260982038141755,37.830563004004404
2025-08-01 15:44:25,7.864,4.346812478806375,71.0,163.0,171.0,57.0,21.260982038141755,37.830563004004404
2025-08-01 16:21:17,1.122,5.005941770647652,9.0,154.0,167.0,7.0,21.260982038141755,37.830563004004404
2025-08-02 02:22:13,3.8835,5.1328269172996865,0.0,120.0,129.0,4.0,22.360672298314785,41.84678182026591
2025-08-03 00:00:19,9.661100000000001,4.8838469049418105,0.0,120.0,133.0,10.0,21.928676647204558,36.808538736655464
2025-08-03 15:13:56,20.939700000000002,4.962662629677916,244.0,151.0,167.0,104.0,21.928676647204558,36.808538736655464
2025-08-04 17:19:35,9.659,4.841771059806053,96.0,141.0,165.0,26.0,24.09495959339176,47.08442818138439
2025-08-05 01:48:44,4.8491,5.262144865370206,0.0,116.0,125.0,4.0,24.139781981018576,44.27762481931204
2025-08-05 02:16:45,0.56,9.553571428571427,0.0,137.0,155.0,2.0,24.139781981018576,44.27762481931204
2025-08-05 15:15:37,12.879700000000001,4.3104006045689465,107.0,151.0,168.0,54.0,24.139781981018576,44.27762481931204
2025-08-05 16:13:18,1.1418,5.26945758159631,31.0,143.0,156.0,3.0,24.139781981018576,44.27762481931204
2025-08-06 01:34:43,4.833,5.1900131043520235,0.0,119.0,128.0,5.0,25.054097367331313,46.76998672503029
2025-08-07 00:13:44,0.505,5.412541254125412,0.0,114.0,125.0,0.0,24.582258280566318,41.20947836478722
2025-08-07 15:05:08,14.488,4.71884778207252,131.0,147.0,168.0,55.0,24.582258280566318,41.20947836478722
2025-08-08 15:35:36,3.223,5.005688282138794,17.0,131.0,152.0,4.0,25.297936439072288,43.04530156840731
2025-08-08 16:16:30,8.158,4.410803301462777,82.0,156.0,170.0,45.0,25.297936439072288,43.04530156840731
2025-08-08 16:54:35,3.2365,5.201091714300427,31.0,150.0,160.0,17.0,25.297936439072288,43.04530156840731
2025-08-09 02:18:31,4.833,5.358990275191392,0.0,115.0,126.0,4.0,26.255587344434105,46.10107923422214
2025-08-09 15:20:09,22.538400000000003,4.841367029898602,235.0,154.0,171.0,136.0,26.255587344434105,46.10107923422214
2025-08-11 23:20:22,9.6666,4.670721867047359,116.0,135.0,159.0,17.0,28.2510850349096,50.79999916526793
2025-08-12 14:55:25,4.833,5.403820953169184,0.0,136.0,150.0,8.0,27.98636598070599,46.300472287945354
2025-08-12 21:56:38,11.763399999999999,5.323007520501442,214.0,140.0,164.0,29.0,27.98636598070599,46.300472287945354
2025-08-13 12:12:30,3.8916999999999997,5.126294421461059,6.0,125.0,156.0,5.0,28.19844158631394,45.062373883658836
2025-08-13 12:49:48,12.42,4.027106816961889,54.0,160.0,174.0,75.0,28.19844158631394,45.062373883658836
2025-08-13 13:48:34,0.814,5.569205569205569,5.0,142.0,149.0,1.0,28.19844158631394,45.062373883658836
2025-08-13 23:51:51,3.8674,5.317956939201186,0.0,108.0,115.0,3.0,28.19844158631394,45.062373883658836
2025-08-15 22:32:29,14.4891,4.926692019058005,118.0,144.0,170.0,47.0,28.817005656376402,43.55700170632964
2025-08-16 14:53:01,4.9135,5.339031918862997,0.0,114.0,129.0,4.0,29.244820844893667,44.015340870339585
2025-08-16 22:59:30,9.664,5.199710264900663,172.0,134.0,157.0,16.0,29.244820844893667,44.015340870339585
2025-08-16 23:55:59,1.1473,7.989773090444231,14.0,137.0,159.0,1.0,29.244820844893667,44.015340870339585
2025-08-17 11:21:53,22.534,4.59971598473418,144.0,148.0,172.0,87.0,29.050834116558892,40.9514903557145
2025-08-18 12:20:57,6.443,5.1968544673806205,105.0,136.0,158.0,13.0,30.41428024970563,47.081564672935805
2025-08-18 22:45:00,4.833,5.465894199599973,0.0,114.0,126.0,4.0,30.41428024970563,47.081564672935805
2025-08-19 13:11:54,3.2259,5.011521332548023,7.0,125.0,136.0,3.0,30.09866486065593,43.07704360487385
2025-08-19 13:53:04,6.556100000000001,3.642917791573242,37.0,159.0,174.0,34.0,30.09866486065593,43.07704360487385
2025-08-19 14:29:47,1.933,5.087083979996551,10.0,144.0,154.0,6.0,30.09866486065593,43.07704360487385
2025-08-21 13:34:22,13.6895,4.857737682165163,126.0,134.0,157.0,23.0,29.68689875739576,37.33364620889717
2025-08-22 22:03:03,8.0577,4.964195738237958,55.0,128.0,151.0,9.0,29.529567308107026,35.42552112133093
2025-08-22 22:53:07,0.49739999999999995,4.054416298083367,9.0,129.0,161.0,0.0,29.529567308107026,35.42552112133093
2025-08-23 11:55:26,3.109,4.83006325721025,2.0,136.0,145.0,3.0,29.04654121558802,31.90770024946342
2025-08-23 12:30:39,4.954,3.525770421208451,15.0,166.0,174.0,33.0,29.04654121558802,31.90770024946342
2025-08-23 13:12:21,1.9247,5.438076929737968,5.0,130.0,141.0,2.0,29.04654121558802,31.90770024946342
2025-08-23 23:19:25,6.5228,5.516547086118436,0.0,115.0,126.0,6.0,29.04654121558802,31.90770024946342
2025-08-24 11:37:14,19.316,4.485055567060123,89.0,137.0,155.0,31.0,29.398370879500433,33.517452589105204
2025-08-25 14:49:22,11.2741,5.456459199995269,150.0,126.0,151.0,14.0,29.43605451131444,33.18232401316418
2025-08-26 15:10:43,3.2237,5.45439505330314,0.0,114.0,127.0,3.0,29.07287018391918,30.628732752859236
2025-08-27 22:48:20,3.9435,4.95329867714805,34.0,125.0,147.0,4.0,28.459419524356544,26.950737821557667
2025-08-27 23:24:25,5.238300000000001,5.001622663841322,115.0,141.0,169.0,17.0,28.459419524356544,26.950737821557667
2025-08-27 23:52:22,4.039,5.025996533795494,42.0,136.0,151.0,5.0,28.459419524356544,26.950737821557667
2025-08-28 13:38:22,14.487200000000001,5.096452960774568,235.0,136.0,161.0,27.0,28.401553531133892,26.824173605964972
2025-08-29 12:18:06,3.4,4.651960784313726,13.0,135.0,153.0,4.0,28.368577340479717,26.847579984818267
2025-08-29 13:00:57,7.5702,4.0091411059153,50.0,159.0,177.0,43.0,28.368577340479717,26.847579984818267
2025-08-29 13:51:58,3.711,5.299559867061888,19.0,136.0,146.0,5.0,28.368577340479717,26.847579984818267
2025-08-29 23:21:23,6.442,4.858739521887612,39.0,142.0,162.0,19.0,28.368577340479717,26.847579984818267
2025-08-30 22:34:47,12.0836,4.9198914230858355,133.0,130.0,158.0,21.0,29.371622811273568,32.72524286835138
2025-08-31 12:21:27,21.331,4.635663275670777,175.0,138.0,161.0,38.0,29.174652646540697,31.16435391177724
2025-09-01 16:00:20,11.274,4.967181124711726,117.0,127.0,150.0,13.0,29.382298184475683,32.07432947560591
2025-09-01 23:41:52,4.833,5.383129871025588,0.0,106.0,132.0,4.0,29.382298184475683,32.07432947560591
2025-09-02 14:13:40,6.442399999999999,5.225795769692454,0.0,116.0,127.0,6.0,29.09096359282598,30.067603075955503
2025-09-03 00:12:22,1.919,5.046030918881362,4.0,122.0,165.0,3.0,28.547672165912328,26.863673206505318
2025-09-03 00:28:22,4.0337,4.189701762649676,18.0,136.0,161.0,10.0,28.547672165912328,26.863673206505318
2025-09-04 14:15:24,14.488,4.9880360758328735,198.0,133.0,165.0,25.0,28.181861663364547,25.018111912078197
2025-09-05 11:34:26,1.614,5.008261049153242,3.0,124.0,135.0,1.0,28.10699782511969,25.015700816302807
2025-09-05 11:57:10,10.4573,3.8234853483531444,43.0,156.0,174.0,54.0,28.10699782511969,25.015700816302807
2025-09-05 12:50:34,4.054,4.888176286794935,21.0,136.0,147.0,5.0,28.10699782511969,25.015700816302807
2025-09-05 21:33:27,4.833,5.348644734119595,0.0,113.0,122.0,4.0,28.10699782511969,25.015700816302807
2025-09-06 13:26:04,1.2341,5.577613915674041,3.0,114.0,124.0,1.0,28.95149962728199,30.20537260040386
2025-09-06 13:34:06,8.537,5.009566202022568,84.0,123.0,145.0,9.0,28.95149962728199,30.20537260040386
2025-09-07 12:14:07,22.7587,4.71760982247082,136.0,131.0,150.0,26.0,28.505602805641406,27.51559096350796
2025-09-08 19:49:35,11.27,5.087252292221237,202.0,132.0,158.0,17.0,28.446650197705257,27.313832311326134
2025-09-09 13:28:29,3.8731,4.875508851651992,3.0,123.0,134.0,4.0,28.177329825071485,25.94083329241796
2025-09-09 14:04:46,6.5763,3.6824151371845364,53.0,153.0,169.0,30.0,28.177329825071485,25.94083329241796
2025-09-09 14:38:31,2.588,4.675425038639876,23.0,144.0,153.0,7.0,28.177329825071485,25.94083329241796
2025-09-09 22:36:42,6.442399999999999,5.422409867958111,0.0,115.0,127.0,6.0,28.177329825071485,25.94083329241796
2025-09-10 12:29:13,14.49,5.21509086726478,196.0,138.0,161.0,36.0,28.62019550698868,28.744273794042336
2025-09-12 12:16:16,8.053,4.936048677511486,28.0,130.0,144.0,9.0,28.116359608128054,25.755090902458058
2025-09-12 13:21:43,0.798,3.529657477025898,20.0,111.0,147.0,0.0,28.116359608128054,25.755090902458058
2025-09-13 11:30:54,2.427,5.081719544018679,26.0,132.0,155.0,3.0,27.666583909199616,23.524618011646215
2025-09-13 12:00:54,12.88,3.954451345755693,159.0,163.0,175.0,92.0,27.666583909199616,23.524618011646215
2025-09-13 13:15:30,2.4312,5.977843588899857,41.0,131.0,151.0,3.0,27.666583909199616,23.524618011646215
2025-09-13 21:22:44,4.833,5.776260431753914,0.0,106.0,123.0,4.0,27.666583909199616,23.524618011646215
2025-09-14 17:21:38,11.274299999999998,4.958179221769867,98.0,133.0,157.0,19.0,29.41552381519315,33.97142567984264
2025-09-16 23:15:44,9.6622,5.1834295847046565,87.0,125.0,146.0,11.0,28.484132287174845,27.721366538619417
2025-09-17 00:12:33,0.536,9.483830845771143,9.0,127.0,146.0,0.0,28.072760144108564,25.495383105951365
2025-09-17 14:55:34,12.8829,5.23044759590879,192.0,137.0,163.0,30.0,28.072760144108564,25.495383105951365
2025-09-18 22:41:07,6.442399999999999,5.277536321867627,0.0,117.0,129.0,6.0,28.118104847334262,26.095047167707932
2025-09-19 14:02:57,3.8771,4.874777539913853,8.0,128.0,137.0,4.0,27.597703145827644,23.419952284123486
2025-09-19 14:39:56,8.136,4.162569649295313,38.0,152.0,169.0,36.0,27.597703145827644,23.419952284123486
2025-09-19 15:15:16,2.585,4.8613797549967765,15.0,140.0,152.0,5.0,27.597703145827644,23.419952284123486
2025-09-19 23:22:29,4.833,5.731429753776122,0.0,106.0,114.0,4.0,27.597703145827644,23.419952284123486
2025-09-20 14:52:24,6.441,5.2424571753868445,52.0,120.0,142.0,6.0,28.10126309257432,26.825221960551538
2025-09-21 12:55:48,20.950200000000002,4.6165032632942244,105.0,143.0,167.0,63.0,27.58125764915102,24.052924674994276
2025-09-22 14:32:45,10.7053,5.139198963753157,85.0,124.0,150.0,12.0,28.414600917565256,29.237641140846918
2025-09-22 23:00:36,5.3963,5.42346916714539,0.0,114.0,123.0,5.0,28.414600917565256,29.237641140846918
2025-09-23 13:40:20,3.226,5.3575118826203765,23.0,115.0,139.0,3.0,28.146034610437187,27.60854065007379
2025-09-23 14:14:13,10.9681,4.221332774135903,40.0,149.0,167.0,43.0,28.146034610437187,27.60854065007379
2025-09-23 15:08:05,1.6314000000000002,5.067222426545707,9.0,131.0,144.0,2.0,28.146034610437187,27.60854065007379
2025-09-23 22:29:04,3.5456,5.7724127557160045,0.0,112.0,121.0,3.0,28.146034610437187,27.60854065007379
2025-09-24 12:40:45,14.5487,5.145935146553758,168.0,122.0,148.0,15.0,28.68374986936161,30.72246084664422
2025-09-25 16:14:42,8.056,5.252813637868257,88.0,124.0,144.0,9.0,28.361794314662944,28.629453837643403
2025-09-26 13:56:38,2.942,4.985270790845229,28.0,121.0,137.0,3.0,27.90624395105274,26.016339716019456
2025-09-26 14:25:34,11.27,4.090505767524402,113.0,156.0,172.0,58.0,27.90624395105274,26.016339716019456
2025-09-26 15:19:34,4.0319,5.055515596451631,45.0,141.0,158.0,10.0,27.90624395105274,26.016339716019456
2025-09-28 15:07:19,17.756,5.190733648719682,179.0,136.0,162.0,36.0,28.23972458730134,27.744131619438946
2025-09-30 22:04:15,9.680200000000001,5.022279154011969,85.0,131.0,157.0,15.0,27.753581744803483,25.003506768396672
2025-10-01 13:50:15,2.478,4.9502286790422385,7.0,133.0,143.0,3.0,27.453511477205517,23.671818937524435
2025-10-01 14:19:23,13.690299999999999,4.055182623219847,68.0,164.0,172.0,102.0,27.453511477205517,23.671818937524435
2025-10-01 15:16:20,1.6165999999999998,5.371355519815251,14.0,143.0,151.0,4.0,27.453511477205517,23.671818937524435
2025-10-01 22:38:14,4.833,5.890061383543692,0.0,112.0,123.0,5.0,27.453511477205517,23.671818937524435
2025-10-02 20:52:46,14.493,4.676970491501645,72.0,131.0,147.0,16.0,29.489804378317857,35.69649611230706
2025-10-03 14:37:32,6.432600000000001,4.925431914518753,28.0,133.0,144.0,7.0,29.172412033904852,33.07445718227436
2025-10-03 22:47:18,4.833,4.024415476929443,0.0,117.0,128.0,3.0,29.172412033904852,33.07445718227436
2025-10-06 21:42:21,6.8504,4.953482035112304,76.0,133.0,163.0,12.0,27.385688790253077,22.54637557061436
2025-10-08 21:11:49,3.223,5.067742269107456,16.0,125.0,138.0,3.0,26.387867649348784,18.32789656256278
2025-10-08 22:07:47,9.1296,5.10062507302255,40.0,156.0,173.0,48.0,26.387867649348784,18.32789656256278
2025-10-08 23:03:35,1.6214000000000002,4.9854035607088525,15.0,137.0,149.0,3.0,26.387867649348784,18.32789656256278
2025-10-09 22:48:47,8.0509,4.943546684221639,78.0,124.0,145.0,8.0,27.037534551494637,23.076641892483188
2025-10-11 15:04:19,6.4638,5.004795940468456,62.0,121.0,146.0,6.0,25.96400471560518,18.264777236030177
2025-10-11 23:35:41,4.833,5.207255672805021,0.0,119.0,134.0,5.0,25.96400471560518,18.264777236030177
2025-10-12 22:51:40,9.3699,4.946690999903948,119.0,139.0,163.0,21.0,25.611926923719114,17.29767483252277
2025-10-13 22:23:31,9.665,5.021555440593206,70.0,131.0,149.0,12.0,25.503416061920895,17.7905361346251
2025-10-15 22:39:12,3.222,4.924477550175874,33.0,124.0,146.0,3.0,24.59312633471795,14.753991216904877
2025-10-15 23:13:09,5.706,4.150601705806753,25.0,152.0,168.0,25.0,24.59312633471795,14.753991216904877
2025-10-15 23:37:32,2.431,4.888249005896064,15.0,138.0,146.0,3.0,24.59312633471795,14.753991216904877
2025-10-16 17:55:44,9.99,4.693026359693026,37.0,138.0,154.0,17.0,24.743869265894197,16.916694026787496
2025-10-17 19:29:00,6.4633,4.8401487372291765,47.0,131.0,152.0,8.0,24.561669083282176,16.9277838929049
2025-10-17 20:05:39,0.6652,4.334535979154139,20.0,129.0,153.0,0.0,24.561669083282176,16.9277838929049
2025-10-18 12:03:10,21.015099999999997,3.9519202858896705,169.0,161.0,171.0,140.0,24.172000943528857,15.739298550504898
2025-10-19 12:47:09,8.056899999999999,4.7330031815379785,35.0,132.0,149.0,9.0,26.897238399773183,32.28114410597734
2025-10-28 21:08:33,4.833,5.293468515070004,0.0,117.0,131.0,5.0,21.884267673461423,9.30630223303509
2025-10-29 17:41:39,9.699,5.089871808090181,123.0,140.0,163.0,24.0,21.487009332992823,8.733038235462976
2025-11-01 14:31:48,7.257,5.635937715309357,106.0,126.0,160.0,10.0,20.54417484020947,8.089959850554202
2025-11-03 22:01:34,8.8685,5.104207776587548,67.0,129.0,149.0,11.0,19.818555467893923,7.233427196331173
2025-11-04 22:14:58,3.224,5.024813895781637,27.0,126.0,145.0,3.0,19.61106973157074,7.734841278699415
2025-11-04 22:42:08,4.792,4.333611574846967,22.0,147.0,167.0,16.0,19.61106973157074,7.734841278699415
2025-11-04 23:03:26,1.245,4.67202141900937,10.0,140.0,151.0,2.0,19.61106973157074,7.734841278699415
2025-11-05 21:03:31,9.6715,4.813110686036292,63.0,144.0,159.0,28.0,19.643748918144528,9.500727067826144
2025-11-07 23:41:20,6.442399999999999,5.003311395339212,0.0,130.0,146.0,7.0,19.373547265889673,10.37079764607417
2025-11-08 21:58:03,3.228,5.034076827757125,30.0,129.0,152.0,4.0,19.08241856859454,9.922069983911632
2025-11-08 22:29:09,4.882,3.7587054485866456,36.0,159.0,169.0,28.0,19.08241856859454,9.922069983911632
2025-11-08 22:53:50,3.2272,5.128284581060982,17.0,135.0,146.0,4.0,19.08241856859454,9.922069983911632
2025-11-09 23:04:21,9.661100000000001,4.940776240110684,0.0,124.0,141.0,10.0,19.48046072559884,13.393618797821096
2025-11-10 23:41:43,2.419,6.2077993661292545,0.0,115.0,129.0,2.0,19.25740147496585,12.941853136007888
2025-11-10 23:58:56,4.833,5.179667563280226,0.0,128.0,136.0,5.0,19.25740147496585,12.941853136007888
2025-11-13 21:05:57,3.4454000000000002,5.011512935121224,23.0,126.0,147.0,3.0,18.086888973064234,9.131096258435926
2025-11-13 21:44:43,3.5194,4.252618817601485,9.0,149.0,173.0,14.0,18.086888973064234,9.131096258435926
2025-11-13 22:15:19,1.614,4.9153242461792646,17.0,139.0,155.0,3.0,18.086888973064234,9.131096258435926
2025-11-14 15:46:20,6.692,5.5538951982466624,100.0,130.0,160.0,10.0,18.131901248775026,10.577987551926045
2025-11-15 23:34:29,13.6844,5.488000935371663,0.0,128.0,159.0,26.0,17.940571328080832,10.501044635095399
2025-11-16 22:42:55,11.2704,5.060453340904789,0.0,123.0,138.0,12.0,18.13019609127764,12.56429812494969
2025-11-21 01:03:22,6.442399999999999,5.1921644107785925,0.0,128.0,142.0,7.0,16.352054067112963,7.052864904665858
2025-11-25 01:12:55,4.91,5.0610997963340125,0.0,124.0,145.0,5.0,15.019919667175278,4.589927172400411
2025-11-26 03:36:48,6.474600000000001,5.125155736776531,0.0,126.0,142.0,7.0,14.784167857526628,4.644516928465849
2025-11-30 22:55:42,10.479700000000001,5.0001431338683355,111.0,142.0,168.0,36.0,13.594465818032317,3.229889426139555
2025-12-04 21:32:54,8.0517,4.9637550662179,0.0,131.0,151.0,11.0,13.148124311714476,4.945930769860919
2025-12-07 01:13:56,6.474600000000001,5.078820828056301,0.0,134.0,150.0,8.0,12.488505095982916,4.3223930703185784
2025-12-08 00:28:30,9.693299999999999,4.9759455844071,0.0,135.0,150.0,15.0,12.382898141621627,4.811963828691056
2025-12-09 18:51:56,8.0512,5.011675278219396,64.0,142.0,162.0,23.0,12.44447413420855,6.168216601236821
2025-12-13 19:05:41,8.05,4.921325051759834,75.0,148.0,173.0,36.0,11.817819584356432,5.477885212223358
2025-12-15 00:09:14,7.247,4.797387424681477,0.0,125.0,139.0,7.0,12.095345331930876,8.270928191354992
2025-12-16 00:37:19,8.0517,4.725710098488517,0.0,137.0,158.0,15.0,11.975460450346176,8.101739561255112
2025-12-16 18:48:10,2.4351,5.071660301424993,0.0,123.0,130.0,2.0,11.975460450346176,8.101739561255112
2025-12-16 19:13:38,4.8491,4.124476707017797,0.0,152.0,165.0,22.0,11.975460450346176,8.101739561255112
2025-12-16 19:49:12,2.4351,4.9142403460501285,0.0,133.0,144.0,3.0,11.975460450346176,8.101739561255112
2025-12-20 05:46:18,4.87,4.84599589322382,0.0,128.0,143.0,5.0,11.807633171594498,8.217478442006403
2025-12-20 17:36:11,1.6142999999999998,4.966032748972724,0.0,117.0,128.0,1.0,11.807633171594498,8.217478442006403
2025-12-20 17:51:32,4.8652,4.713749349118912,0.0,149.0,168.0,23.0,11.807633171594498,8.217478442006403
2025-12-20 18:21:17,1.6304,4.722767419038273,0.0,140.0,145.0,2.0,11.807633171594498,8.217478442006403
2025-12-21 20:24:19,12.880799999999999,4.914291037823737,121.0,150.0,167.0,61.0,12.259197192218314,11.250335560793275
2025-12-23 20:02:00,8.0517,4.6988006673538925,0.0,133.0,153.0,11.0,13.090565832428027,15.493808720582196
2025-12-24 21:00:36,1.6133,5.113742019463213,11.0,128.0,143.0,1.0,13.041378344448546,14.895583465577344
2025-12-24 21:26:36,5.0821000000000005,5.155349166683063,45.0,155.0,170.0,26.0,13.041378344448546,14.895583465577344
2025-12-24 21:56:23,1.6168,4.752185386772225,18.0,140.0,159.0,4.0,13.041378344448546,14.895583465577344
2025-12-25 17:50:57,6.451899999999999,4.983028255242642,79.0,139.0,166.0,15.0,13.46391442205417,17.03943721793759
2025-12-28 01:49:15,1.6304,4.784102060843964,0.0,113.0,122.0,1.0,12.872262214436647,12.600728455276311
2025-12-28 02:02:08,8.0517,4.042624538917247,0.0,144.0,164.0,22.0,12.872262214436647,12.600728455276311
2025-12-28 23:07:26,14.4906,4.968738354519481,167.0,152.0,167.0,85.0,12.872262214436647,12.600728455276311
2025-12-30 19:44:23,8.05,4.753623188405797,75.0,150.0,171.0,43.0,14.754933859710153,21.93242683123651
2026-01-01 01:07:01,6.442399999999999,4.656649695765553,0.0,130.0,144.0,7.0,15.056697972209948,21.443946832729896
2026-01-01 18:53:19,1.6142999999999998,4.893762002106177,0.0,123.0,132.0,1.0,15.056697972209948,21.443946832729896
2026-01-01 19:07:46,5.1549,3.895969530608418,0.0,156.0,168.0,27.0,15.056697972209948,21.443946832729896
2026-01-01 19:31:56,1.6142999999999998,4.532408267773442,0.0,138.0,145.0,2.0,15.056697972209948,21.443946832729896
2026-01-04 03:07:23,4.833,4.989999310297262,0.0,135.0,145.0,6.0,14.848795546959513,17.67083922959615
2026-01-04 17:27:33,9.129,4.934823091247672,110.0,147.0,162.0,40.0,14.848795546959513,17.67083922959615
2026-01-06 21:15:51,7.253,4.6693322303414675,61.0,135.0,160.0,13.0,15.215119000634044,18.58766233767069
2026-01-09 14:01:03,7.2791999999999994,4.989101366450527,0.0,137.0,155.0,16.0,14.457875266940727,13.409226297032685
2026-01-20 20:52:23,9.6678,4.859775060854934,108.0,141.0,164.0,25.0,11.423247039190198,3.296188042977637
2026-01-22 15:09:45,10.489,4.854291797756379,135.0,143.0,167.0,31.0,11.466399561647545,5.3620256348763515
2026-01-24 23:32:11,6.442399999999999,4.581625895111553,0.0,147.0,167.0,26.0,11.64539375131661,7.606859316418938
2026-01-25 23:05:14,11.2704,4.8341969524891155,0.0,140.0,155.0,22.0,11.983133425119298,10.05539283440763
2026-01-26 15:54:45,4.833,5.055521070418649,0.0,127.0,139.0,5.0,12.218813400655762,11.645484026950317
2026-01-28 20:14:40,8.062,5.232365831472753,100.0,147.0,170.0,35.0,11.76547502829758,9.328319846498582
2026-01-31 23:52:42,1.6142999999999998,4.955708356563217,0.0,133.0,145.0,2.0,11.739592013915898,9.57817013319934
2026-02-01 00:03:02,4.833,3.972687771570453,0.0,164.0,171.0,35.0,11.510435841133175,8.569348209017397
2026-02-01 00:32:01,1.6142999999999998,4.966032748972724,0.0,149.0,159.0,8.0,11.510435841133175,8.569348209017397
2026-02-01 18:34:30,14.488,4.899457021903184,145.0,143.0,165.0,45.0,11.510435841133175,8.569348209017397
2026-02-03 22:21:46,2.419,5.015846768637178,0.0,129.0,139.0,2.0,12.996941923378044,16.594923982922765
2026-02-03 22:36:43,8.7759,4.231284920445007,0.0,161.0,173.0,60.0,12.996941923378044,16.594923982922765
2026-02-03 23:17:57,1.6304,5.03966306836768,0.0,152.0,158.0,10.0,12.996941923378044,16.594923982922765
2026-02-05 15:10:41,9.8834,5.141617931750882,88.0,138.0,159.0,19.0,14.046725237039702,20.77955223406943
2026-02-06 14:58:24,3.717,4.905389651152364,10.0,140.0,152.0,7.0,14.163267437760167,20.542654503165853
2026-02-06 15:38:18,10.7192,4.57590118665572,47.0,154.0,167.0,51.0,14.163267437760167,20.542654503165853
2026-02-06 16:34:36,3.682,4.952018830345827,12.0,144.0,152.0,9.0,14.163267437760167,20.542654503165853
2026-02-07 23:09:03,6.5389,4.949864146365087,0.0,127.0,140.0,7.0,15.406426637756168,26.727153907735858
2026-02-08 15:53:18,17.319,4.803010181496238,182.0,142.0,165.0,44.0,15.208637597688112,24.101033747586648
2026-02-17 01:47:23,6.442399999999999,4.832567573161142,0.0,140.0,153.0,12.0,13.130859700096831,8.53075867699614
2026-02-17 20:06:59,8.052,4.942871336313959,31.0,150.0,162.0,41.0,13.130859700096831,8.53075867699614
2026-02-17 20:52:27,0.5505,3.4211323039660915,3.0,135.0,157.0,0.0,13.130859700096831,8.53075867699614
2026-02-18 19:18:06,7.3275,4.1009894234049815,0.0,158.0,171.0,43.0,14.06891332597863,14.450597478430426
2026-02-18 19:53:43,1.6142999999999998,5.007330318610751,0.0,147.0,154.0,6.0,14.06891332597863,14.450597478430426
2026-02-19 22:11:31,8.858,5.574998118461654,37.0,142.0,155.0,26.0,14.890782878822654,19.04988650447814
2026-02-22 20:10:52,1.614,5.1425030978934325,0.0,123.0,133.0,1.0,14.447542252491493,15.010834234700802
2026-02-22 20:23:37,5.2507,4.643825267742079,5.0,149.0,173.0,21.0,14.447542252491493,15.010834234700802
2026-02-22 20:49:13,0.803,5.147364051473641,0.0,140.0,151.0,2.0,14.447542252491493,15.010834234700802
2026-02-28 14:10:59,6.442399999999999,5.029181671426798,0.0,125.0,139.0,7.0,13.025558095345346,7.934241973285035
2026-03-01 22:01:16,7.652,4.998693152117093,36.0,143.0,164.0,20.0,12.883786876382949,7.809873719659796
2026-03-03 18:27:38,9.6854,5.072927636786641,87.0,134.0,155.0,16.0,12.744146189729983,8.176954895607672
2026-03-03 19:28:47,0.606,3.0803080308030806,9.0,115.0,153.0,0.0,12.744146189729983,8.176954895607672
2026-03-04 23:54:18,1.6142999999999998,5.110574242705817,0.0,115.0,128.0,1.0,12.820750938392504,9.218375090253438
2026-03-05 00:11:26,5.5572,4.150771371673985,0.0,154.0,171.0,27.0,12.542628606308215,8.12432773759811
2026-03-05 00:39:04,0.8901,4.7372954349698535,0.0,140.0,146.0,1.0,12.542628606308215,8.12432773759811
2026-03-06 22:50:29,9.267,4.945865256645445,62.0,135.0,160.0,18.0,12.906314483991647,10.77021897304611
2026-03-07 22:45:03,6.445,4.833204034134988,8.0,134.0,152.0,9.0,13.026160312907221,11.732662607700501
2026-03-08 16:24:58,15.304,4.548919672416797,60.0,149.0,167.0,65.0,12.931431551476837,11.368884822089264
2026-03-11 16:04:04,6.4447,4.856703958291309,59.0,142.0,173.0,22.0,13.498195989284833,13.908620924055926
2026-03-13 21:39:31,2.419,6.304257957833816,0.0,131.0,153.0,5.0,13.3759328715414,12.990826149267534
2026-03-13 21:56:27,6.5228,4.021790233233172,0.0,142.0,175.0,36.0,13.3759328715414,12.990826149267534
2026-03-13 22:35:26,2.4673000000000003,4.823085964414542,0.0,156.0,163.0,17.0,13.3759328715414,12.990826149267534
2026-03-15 16:18:15,12.8798,4.635165142315875,0.0,150.0,172.0,65.0,14.086445706560186,16.455546056607155
2026-03-18 19:49:02,8.8909,4.8439040667049085,79.0,132.0,155.0,13.0,14.573586679114227,17.222270724650016
2026-03-19 22:08:13,3.64,4.8489010989010985,20.0,135.0,155.0,6.0,14.536562838648171,16.660193177961283
2026-03-19 22:38:39,6.759,6.339695221186566,153.0,145.0,170.0,26.0,14.536562838648171,16.660193177961283
2026-03-19 23:24:20,3.2273,4.988690236420537,27.0,147.0,161.0,13.0,14.536562838648171,16.660193177961283
2026-03-21 23:34:25,5.6377,4.863094287859707,0.0,140.0,155.0,13.0,14.894431332241005,17.712784171855997
2026-03-22 16:16:02,9.659799999999999,4.484219825117153,61.0,151.0,174.0,48.0,14.84985855824023,17.085408444874425
2026-03-23 22:02:10,8.0532,5.014569777645325,65.0,138.0,158.0,15.0,15.629825473604411,21.200823801058043
2026-03-25 16:28:01,4.037,5.065642804062422,38.0,128.0,151.0,5.0,15.247611970942007,17.662946781108626
2026-03-25 17:06:29,7.247,4.33742698127961,36.0,154.0,173.0,36.0,15.247611970942007,17.662946781108626
2026-03-25 17:41:12,1.6140999999999999,5.04925345393718,5.0,144.0,156.0,6.0,15.247611970942007,17.662946781108626
2026-03-27 23:43:32,6.442399999999999,4.853263794031211,0.0,143.0,155.0,17.0,15.618363978257696,18.697131948520443
2026-03-29 15:17:26,12.88,4.825310559006211,119.0,141.0,166.0,39.0,15.28263293366861,16.012280418418815
2026-04-05 00:37:38,6.442399999999999,4.9101784014239005,0.0,140.0,154.0,16.0,13.731920306085048,8.093831547923138
2026-04-05 21:53:14,8.053,4.971232252990603,56.0,140.0,162.0,17.0,13.731920306085048,8.093831547923138
2026-04-08 19:28:33,10.4729,5.125928189263083,93.0,142.0,163.0,34.0,13.52560767012964,8.573899768353774
2026-04-10 21:53:14,5.644,4.875383888495157,30.0,136.0,156.0,10.0,13.67776660757899,10.36671161596777
2026-04-12 17:55:56,8.0545,4.856498437726322,60.0,147.0,168.0,34.0,13.271456127437245,8.94435445000854
2026-04-13 20:44:36,6.444,4.911545623836126,75.0,139.0,161.0,15.0,13.759163802913625,12.27981460873842
2026-04-21 22:04:44,8.051,4.908292965677141,48.0,142.0,163.0,26.0,11.67159355909452,4.650706659161446
2026-04-23 20:52:03,6.452,4.902872494317007,52.0,152.0,172.0,34.0,11.726171943938574,6.4953162246611384
2026-04-26 15:19:37,9.657,4.861758310034173,50.0,143.0,164.0,30.0,11.680564199812206,7.632602688263259
2026-04-28 14:49:37,9.683,4.915831870288134,118.0,135.0,165.0,23.0,11.82662434982086,9.197745807542095
2026-05-02 14:35:46,9.921,4.987736451298592,37.0,137.0,151.0,16.0,11.256097472150376,7.188715256175729
2026-05-04 21:30:40,7.258,5.019748323688803,53.0,140.0,161.0,22.0,11.100250372104442,7.248565988198278
2026-05-05 20:37:10,11.269,4.9235365456858045,143.0,145.0,166.0,39.0,11.356703096761663,9.212307865545927
2026-05-07 21:29:23,10.475,4.919649960222753,78.0,137.0,158.0,19.0,11.724596360642055,11.42346383809755
2026-05-10 13:43:04,10.4779,4.763995329852992,59.0,146.0,167.0,39.0,11.342584605906685,9.34241699177074
2026-05-11 22:36:10,8.055,5.272087730188289,124.0,136.0,162.0,15.0,11.993316941687983,13.290496730159546
